index,citationStyle
0,_the-open-university-numeric-superscript
1,_the-open-university-numeric
2,academy-of-management-review
3,accident-analysis-and-prevention
4,acm-sig-proceedings
5,acm-sigchi-proceedings-extended-abstract-format
6,acta-amazonica
7,acta-anaesthesiologica-scandinavica
8,acta-anaesthesiologica-taiwanica
9,acta-pharmaceutica-sinica-b
10,acta-pharmaceutica
11,acta-psychiatrica-scandinavica
12,acta-scientiae-veterinariae
13,acta-universitatis-agriculturae-et-silviculturae-mendelianae-brunensis
14,addiction-biology
15,administrative-science-quarterly
16,advanced-functional-materials
17,advances-in-complex-systems
18,aerosol-science-and-technology
19,african-online-scientific-information-systems-harvard
20,ageing-and-society
21,aging
22,allergology-international
23,ambio
24,american-association-for-cancer-research
25,american-association-of-petroleum-geologists
26,american-chemical-society
27,american-geophysical-union
28,american-journal-of-archaeology
29,american-journal-of-medical-genetics
30,american-journal-of-orthodontics-and-dentofacial-orthopedics
31,american-journal-of-political-science
32,american-journal-of-science
33,american-journal-of-translational-research
34,american-marketing-association
35,american-medical-association-alphabetical
36,american-meteorological-society
37,american-physics-society
38,american-physiological-society
39,american-phytopathological-society
40,american-political-science-association
41,american-society-for-microbiology
42,american-society-for-pharmacology-and-experimental-therapeutics
43,american-society-of-agricultural-and-biological-engineers
44,american-society-of-civil-engineers
45,american-society-of-mechanical-engineers
46,american-sociological-association
47,american-statistical-association
48,american-veterinary-medical-association
49,amphibia-reptilia
50,anabases
51,anaesthesia
52,analytical-sciences
53,anesthesia-and-analgesia
54,anesthesiology
55,angewandte-chemie
56,angiologia
57,animal-conservation
58,animal-migration
59,animal
60,annalen-des-naturhistorischen-museums-in-wien
61,annals-of-applied-biology
62,annals-of-behavioral-medicine
63,annals-of-biomedical-engineering
64,annals-of-botany
65,annals-of-joint
66,annals-of-neurology
67,annals-of-oncology
68,annals-of-surgery
69,annals-of-the-association-of-american-geographers
70,annals-of-the-new-york-academy-of-sciences
71,annual-review-of-astronomy-and-astrophysics
72,annual-review-of-medicine
73,annual-review-of-nuclear-and-particle-science
74,annual-reviews-alphabetical
75,annual-reviews-author-date
76,annual-reviews-without-titles
77,annual-reviews
78,antarctic-science
79,anthropologie-et-societes
80,anticancer-research
81,antiquity
82,apa-5th-edition
83,apa-annotated-bibliography
84,apa-cv
85,apa-fr-provost
86,apa-no-ampersand
87,apa-no-doi-no-issue
88,apa-old-doi-prefix
89,apa-single-spaced
90,apa-tr
91,apa
92,applied-in-vitro-toxicology
93,applied-spectroscopy-reviews
94,applied-spectroscopy
95,aquatic-conservation
96,aquatic-invasions
97,aquatic-living-resources
98,aquitania
99,arachne
100,arachnology
101,archaeometry
102,archeologia-classica
103,archeologie-medievale
104,archeologies-et-sciences-de-lantiquite
105,archiv-fur-die-civilistische-praxis
106,archiv-fur-geschichte-der-philosophie
107,archives-of-physical-medicine-and-rehabilitation
108,archivos-de-bronconeumologia
109,archivos-de-la-sociedad-espanola-de-oftalmologia
110,arctic-antarctic-and-alpine-research
111,arhiv-za-higijenu-rada-i-toksikologiju
112,artery-research
113,arthritis-and-rheumatism
114,arts-university-bournemouth
115,arzneimitteltherapie
116,asa-cssa-sssa
117,asaio-journal
118,asia-and-the-pacific-policy-studies
119,asia-pacific-journal-of-human-resources
120,asian-journal-of-neurosurgery
121,asian-studies-review
122,assay-and-drug-development-technologies
123,associacao-brasileira-de-normas-tecnicas-eceme
124,associacao-brasileira-de-normas-tecnicas-instituto-meira-mattos
125,associacao-brasileira-de-normas-tecnicas-ipea
126,associacao-brasileira-de-normas-tecnicas-note
127,associacao-brasileira-de-normas-tecnicas-ufmg-face-full
128,associacao-brasileira-de-normas-tecnicas-ufmg-face-initials
129,associacao-brasileira-de-normas-tecnicas-ufpr
130,associacao-brasileira-de-normas-tecnicas-ufrgs-initials
131,associacao-brasileira-de-normas-tecnicas-ufrgs
132,associacao-brasileira-de-normas-tecnicas-ufs
133,associacao-brasileira-de-normas-tecnicas-usp-fmvz
134,associacao-brasileira-de-normas-tecnicas
135,associacao-nacional-de-pesquisa-e-ensino-em-transportes
136,association-de-science-regionale-de-langue-francaise
137,association-for-computational-linguistics
138,association-for-computing-machinery
139,atlas-of-genetics-and-cytogenetics-in-oncology-and-haematology
140,austral-ecology
141,australian-critical-care
142,australian-guide-to-legal-citation
143,australian-journal-of-earth-sciences
144,australian-journal-of-grape-and-wine-research
145,australian-veterinary-journal
146,austrian-legal
147,avian-diseases
148,avian-pathology
149,aviation-space-and-environmental-medicine
150,babes-bolyai-university-faculty-of-orthodox-theology
151,baghdad-science-journal
152,behaviour
153,beltz-padagogik
154,bioarchaeology-international
155,bioarchaeology-of-the-near-east
156,biochemical-journal
157,biochemical-society-transactions
158,biochemistry-and-molecular-biology-education
159,biochemistry
160,biochimica-et-biophysica-acta
161,bioelectromagnetics
162,bioessays
163,bioinformatics
164,biologia
165,biological-and-pharmaceutical-bulletin
166,biological-journal-of-the-linnean-society
167,biological-psychiatry
168,biological-reviews
169,biology-of-reproduction
170,biomed-central
171,biomed-research-international
172,biometrics
173,biophysical-journal
174,biopolymers
175,bioresources
176,biosocieties
177,biota-neotropica
178,biotechniques
179,biotechnology-and-bioengineering
180,biotropica
181,biuletyn-polskiego-towarzystwa-jezykoznawczego
182,blood
183,bmj
184,body-and-society
185,boletin-de-pediatria
186,boreal-environment-research
187,brachytherapy
188,brain-behavior-and-evolution
189,brain
190,brazilian-journal-of-infectious-diseases
191,brewingscience
192,briefings-in-bioinformatics
193,british-journal-of-anaesthesia
194,british-journal-of-cancer
195,british-journal-of-dermatology
196,british-journal-of-haematology
197,british-journal-of-industrial-relations
198,british-journal-of-pharmacology
199,british-journal-of-political-science
200,british-journal-of-surgery
201,budownictwo-i-architektura-pl
202,building-structure
203,bulletin-de-correspondance-hellenique
204,bulletin-de-la-societe-entomologique-de-france
205,bulletin-of-marine-science
206,bulletin-of-the-american-schools-of-oriental-research
207,business-ethics-a-european-review
208,byzantina-symmeikta
209,cahiers-d-ethnomusicologie
210,cahiers-du-centre-gustave-glotz
211,california-agriculture
212,cambridge-journal-of-economics
213,cambridge-university-press-author-date
214,cambridge-university-press-law-note
215,cambridge-university-press-note
216,cambridge-university-press-numeric
217,campus-adventiste-du-saleve-faculte-adventiste-de-theologie
218,canadian-journal-of-chemistry
219,canadian-journal-of-dietetic-practice-and-research
220,canadian-journal-of-economics
221,canadian-journal-of-physics
222,canadian-journal-of-public-health
223,canadian-public-policy
224,cancer-translational-medicine
225,carcinogenesis
226,cardiff-university-vancouver
227,cardiocore
228,cath-lab-digest
229,cell-numeric-superscript
230,cell-numeric
231,cell-research
232,cell-structure-and-function
233,cell-transplantation
234,cell
235,cellular-and-molecular-bioengineering
236,cellular-reprogramming
237,centaurus
238,cerebral-cortex
239,ceska-zemedelska-univerzita-v-praze-fakulta-agrobiologie-potravinovych-a-prirodnich-zdroju
240,changer-d-epoque
241,chemical-and-pharmaceutical-bulletin
242,chemical-biology-and-drug-design
243,chemical-senses
244,chemie-ingenieur-technik
245,chemistry-education-research-and-practice
246,chest
247,chicago-annotated-bibliography
248,chicago-author-date-16th-edition
249,chicago-author-date-de
250,chicago-author-date-fr
251,chicago-author-date
252,chicago-fullnote-bibliography-16th-edition
253,chicago-fullnote-bibliography-fr
254,chicago-fullnote-bibliography-with-ibid
255,chicago-fullnote-bibliography
256,chicago-library-list
257,chicago-note-bibliography-16th-edition
258,chicago-note-bibliography-with-ibid
259,chicago-note-bibliography
260,chimia
261,chinese-gb7714-1987-numeric
262,chinese-gb7714-2005-author-date
263,chinese-gb7714-2005-numeric
264,chinese-journal-of-aeronautics
265,chroniques-des-activites-archeologiques-de-l-ecole-francaise-de-rome
266,circulation-journal
267,circulation
268,cirugia-cardiovascular
269,citizen-science-theory-and-practice
270,civilta-italiana
271,cladistics
272,clara-architecture-recherche
273,clay-minerals
274,clays-and-clay-minerals
275,climate-change-economics
276,clinica-e-investigacion-en-arteriosclerosis
277,clinical-anatomy
278,clinical-dysmorphology
279,clinical-gastroenterology-and-hepatology
280,clinical-hemorheology-and-microcirculation
281,clinical-infectious-diseases
282,clinical-journal-of-sport-medicine
283,clinical-nuclear-medicine
284,clinical-oral-implants-research
285,clinical-orthopaedics-and-related-research
286,clinical-otolaryngology
287,clinical-pharmacology-and-therapeutics
288,clinical-physiology-and-functional-imaging
289,clinical-radiology
290,clinical-spine-surgery
291,clio-medica
292,cns-and-neurological-disorders-drug-targets
293,cold-spring-harbor-laboratory-press
294,collection-de-l-ecole-francaise-de-rome-full-note
295,collection-de-l-ecole-francaise-de-rome-note
296,collection-du-centre-jean-berard
297,collections-electroniques-de-l-inha-author-date
298,collections-electroniques-de-l-inha-full-note
299,colombian-journal-of-anesthesiology
300,colorado-state-university-school-of-biomedical-engineering
301,comision-economica-para-america-latina-y-el-caribe
302,comparative-population-studies
303,conservation-biology
304,conservation-letters
305,conservation-physiology
306,copeia
307,copernicus-publications
308,coral-reefs
309,cornea
310,corrosion
311,council-of-science-editors-alphabetical
312,council-of-science-editors-author-date
313,council-of-science-editors
314,cranfield-university-numeric
315,creativity-and-innovation-management
316,critical-care-medicine
317,critical-reviews-in-plant-sciences
318,crop-breeding-and-applied-biotechnology
319,cuadernos-de-filologia-clasica
320,cultivos-tropicales
321,cultural-geographies
322,cultural-studies-of-science-education
323,culture-medicine-and-psychiatry
324,current-alzheimer-research
325,current-gene-therapy
326,current-opinion
327,current-pharmaceutical-design
328,current-proteomics
329,current-protocols
330,current-science
331,current-topics-in-medicinal-chemistry
332,currents-in-biblical-research
333,cyberpsychology-behavior-and-social-networking
334,cybium
335,cytometry
336,data-science-journal
337,database
338,de-montfort-university-harvard
339,decision-sciences
340,demographic-research
341,der-moderne-staat
342,deutsche-gesellschaft-fur-psychologie
343,deutsche-sprache
344,deutsches-archaologisches-institut
345,development-and-change
346,development-policy-review
347,developmental-neurobiology
348,diagnostico-prenatal
349,dialisis-y-trasplante
350,diatom-research
351,die-bachelorarbeit-samac-et-al-in-text
352,die-bachelorarbeit-samac-et-al-note
353,din-1505-2-alphanumeric
354,din-1505-2-numeric-alphabetical
355,din-1505-2-numeric
356,din-1505-2
357,diplo
358,disability-and-rehabilitation
359,discovery-medicine
360,dna-research
361,documents-d-archeologie-francaise
362,donau-universitat-krems-department-fur-e-governance-in-wirthschaft-und-verwaltung
363,drug-development-research
364,drug-testing-and-analysis
365,drugs-of-today
366,ear-and-hearing
367,early-christianity
368,earthquake-engineering-and-structural-dynamics
369,earthquake-spectra
370,ecclesial-practices
371,ecole-de-technologie-superieure-apa
372,ecole-pratique-des-hautes-etudes-sciences-historiques-et-philologiques
373,ecology-letters
374,ecology-of-freshwater-fish
375,econometrica
376,economic-commission-for-latin-america-and-the-caribbean
377,economic-geology
378,economie-et-statistique
379,ecoscience
380,ecosistemas
381,ecosystems
382,edward-elgar-business-and-social-sciences
383,egretta
384,einaudi
385,el-profesional-de-la-informacion
386,elementa
387,elife
388,elsevier-harvard-without-titles
389,elsevier-harvard
390,elsevier-harvard2
391,elsevier-vancouver-author-date
392,elsevier-vancouver
393,elsevier-with-titles-alphabetical
394,elsevier-with-titles
395,elsevier-without-titles
396,embo-reports
397,emerald-harvard
398,emu-austral-ornithology
399,endocrine-press
400,endoscopia
401,eneuro
402,enfermeria-clinica
403,enfermeria-intensiva
404,engineering-in-life-sciences
405,entomologia-experimentalis-et-applicata
406,entomological-society-of-america
407,environment-and-planning
408,environmental-and-engineering-geoscience
409,environmental-chemistry
410,environmental-conservation
411,environmental-health-perspectives
412,environmental-microbiology
413,environmental-toxicology-and-chemistry
414,environmental-values
415,environnement-risques-et-sante
416,epidemiology-and-infection
417,epilepsia
418,equine-veterinary-education
419,equine-veterinary-journal
420,ergoscience
421,escuela-nacional-de-antropologia-e-historia-author-date
422,escuela-nacional-de-antropologia-e-historia-full-note
423,escuela-nacional-de-antropologia-e-historia-short-note
424,estudios-de-cultura-maya
425,ethnobiology-and-conservation
426,ethnologie-francaise
427,ethnomusicology
428,ets-ecole-de-technologie-superieure
429,eurointervention
430,europace
431,european-cells-and-materials
432,european-journal-for-philosophy-of-religion
433,european-journal-of-clinical-microbiology-and-infectious-diseases
434,european-journal-of-emergency-medicine
435,european-journal-of-endocrinology
436,european-journal-of-human-genetics
437,european-journal-of-immunology
438,european-journal-of-information-systems
439,european-journal-of-international-law
440,european-journal-of-microbiology-and-immunology
441,european-journal-of-neuroscience
442,european-journal-of-ophthalmology
443,european-journal-of-paediatric-neurology
444,european-journal-of-pain
445,european-journal-of-political-research
446,european-journal-of-public-health
447,european-journal-of-soil-science
448,european-journal-of-ultrasound
449,european-journal-of-vascular-and-endovascular-surgery
450,european-respiratory-journal
451,european-society-of-cardiology
452,european-union-interinstitutional-style-guide
453,evidence-based-complementary-and-alternative-medicine
454,evolution-and-development
455,evolution
456,evolutionary-anthropology
457,evolutionary-ecology-research
458,exercer
459,experimental-dermatology
460,eye
461,fachhochschule-vorarlberg-author-date
462,fachhochschule-vorarlberg-note
463,facial-plastic-surgery-clinics-of-north-america
464,family-business-review
465,fatigue-and-fracture-of-engineering-materials-and-structures
466,feminist-economics
467,ferdinand-porsche-fern-fachhochschule
468,fertility-and-sterility
469,finanzarchiv
470,fine-focus
471,fish-and-fisheries
472,fishery-bulletin
473,flavour-and-fragrance-journal
474,florida-entomologist
475,foerster-geisteswissenschaft
476,fold-and-r
477,food-and-agriculture-organization-of-the-united-nations
478,forensic-science-review
479,forest-science
480,forum-qualitative-social-research
481,free-radical-research
482,freie-universitat-berlin-geographische-wissenschaften
483,french-politics
484,french1
485,french2
486,french3
487,french4
488,freshwater-biology
489,freshwater-crayfish
490,friedrich-schiller-universitat-jena-medizinische-fakultat
491,frontiers-in-ecology-and-the-environment
492,frontiers-in-physics
493,frontiers-medical-journals
494,frontiers
495,future-science-group
496,g3
497,gallia-prehistoire
498,gallia
499,gastroenterology
500,gastrointestinal-endoscopy-clinics-of-north-america
501,gastrointestinal-intervention
502,geistes-und-kulturwissenschaften-heilmann
503,genes-brain-and-behavior
504,genes-to-cells
505,genetics
506,genome-biology-and-evolution
507,genomics-and-informatics
508,geoarchaeology
509,geochemical-perspectives-letters
510,geochimica-et-cosmochimica-acta
511,geochronometria
512,geografie-sbornik-cgs
513,geological-magazine
514,georg-august-universitat-gottingen-institut-fur-ethnologie-und-ethnologische-sammlung
515,german-council-of-economic-experts
516,gesellschaft-fur-popularmusikforschung
517,global-ecology-and-biogeography
518,glossa
519,gost-r-7-0-5-2008-numeric-alphabetical
520,gost-r-7-0-5-2008-numeric
521,gost-r-7-0-5-2008
522,grasas-y-aceites
523,haematologica
524,hainan-medical-university-journal-publisher
525,hamburg-school-of-food-science
526,hand
527,handbook-of-clinical-neurology
528,harvard-anglia-ruskin-university
529,harvard-bournemouth-university
530,harvard-cape-peninsula-university-of-technology
531,harvard-cardiff-university-biosi
532,harvard-cardiff-university
533,harvard-cite-them-right
534,harvard-coventry-university
535,harvard-cranfield-university
536,harvard-deakin-university
537,harvard-dublin-city-university
538,harvard-dundalk-institute-of-technology
539,harvard-durham-university-business-school
540,harvard-edge-hill-university
541,harvard-european-archaeology
542,harvard-fachhochschule-salzburg
543,harvard-falmouth-university
544,harvard-gesellschaft-fur-bildung-und-forschung-in-europa
545,harvard-imperial-college-london
546,harvard-institut-fur-praxisforschung-de
547,harvard-kings-college-london
548,harvard-leeds-beckett-university
549,harvard-leeds-metropolitan-university
550,harvard-limerick
551,harvard-london-south-bank-university
552,harvard-manchester-business-school
553,harvard-manchester-metropolitan-university
554,harvard-melbourne-polytechnic
555,harvard-newcastle-university
556,harvard-north-west-university
557,harvard-oxford-brookes-university-faculty-of-health-and-life-sciences
558,harvard-pontificia-universidad-catolica-del-ecuador
559,harvard-robert-gordon-university
560,harvard-southampton-solent-university
561,harvard-staffordshire-university
562,harvard-stellenbosch-university
563,harvard-swinburne-university-of-technology
564,harvard-the-university-of-melbourne
565,harvard-the-university-of-northampton
566,harvard-the-university-of-sheffield-school-of-east-asian-studies
567,harvard-the-university-of-sheffield-town-and-regional-planning
568,harvard-theologisches-seminar-adelshofen
569,harvard-universiti-teknologi-malaysia
570,harvard-universiti-tunku-abdul-rahman
571,harvard-university-for-the-creative-arts
572,harvard-university-of-abertay-dundee
573,harvard-university-of-bath
574,harvard-university-of-birmingham
575,harvard-university-of-brighton-school-of-environment-and-technology
576,harvard-university-of-cape-town
577,harvard-university-of-exeter-geography
578,harvard-university-of-greenwich
579,harvard-university-of-kent
580,harvard-university-of-leeds
581,harvard-university-of-sunderland
582,harvard-university-of-technology-sydney
583,harvard-university-of-the-west-of-england
584,harvard-university-of-the-west-of-scotland
585,harvard-university-of-westminster
586,harvard-university-of-wolverhampton
587,harvard-university-of-worcester
588,harvard-york-st-john-university
589,haute-ecole-de-gestion-de-geneve-iso-690
590,haute-ecole-pedagogique-fribourg
591,hawaii-international-conference-on-system-sciences-proceedings
592,health-and-human-rights-journal
593,health-and-social-care-in-the-community
594,health-economics-policy-and-law
595,health-economics
596,health-education-research
597,health-policy-and-planning
598,health-reform-observer-observatoire-des-reformes-de-sante
599,health-services-research
600,heart-failure-clinics
601,heart-rhythm
602,heidelberg-university-faculty-of-medicine
603,hematology-oncology-clinics-of-north-america
604,hepatology
605,heredity
606,herpetologica
607,high-altitude-medicine-and-biology
608,hiob-ludolf-centre-for-ethiopian-studies-long-names
609,hiob-ludolf-centre-for-ethiopian-studies-with-url-doi
610,hiob-ludolf-centre-for-ethiopian-studies
611,hipertension-y-riesgo-vascular
612,histopathology
613,historical-social-research
614,history-australia
615,history-of-the-human-sciences
616,hochschule-munchen-fakultat-fur-angewandte-sozialwissenschaften
617,hochschule-pforzheim-fakultat-fur-wirtschaft-und-recht
618,hong-kong-journal-of-radiology
619,human-brain-mapping
620,human-gene-therapy
621,human-mutation
622,human-reproduction-update
623,human-reproduction
624,human-resource-management-journal
625,human-wildlife-interactions
626,humboldt-state-university-environmental-resources-engineering
627,hydrobiologia
628,hydrological-processes
629,hydrological-sciences-journal
630,hypertension-research
631,hypotheses-in-the-life-sciences
632,ib-tauris-note
633,ices-journal-of-marine-science
634,idojaras-quarterly-journal-of-the-hungarian-meteorological-service
635,ie-comunicaciones
636,ieee-magnetics-letters
637,ieee-transactions-on-medical-imaging
638,ieee-with-url
639,ieee
640,iforest
641,igaku-toshokan
642,iica-catie
643,immunological-reviews
644,indian-dermatology-online-journal
645,indian-journal-of-medical-research
646,indian-journal-of-physics
647,indian-journal-of-traditional-knowledge
648,indiana
649,indoor-air
650,infectio
651,infectious-disease-clinics-of-north-america
652,inflammatory-bowel-diseases
653,influenza-and-other-respiratory-viruses
654,information-systems-journal
655,ingenieria-agricola
656,institut-national-de-la-recherche-scientifique-sciences-sociales
657,institut-national-de-sante-publique-du-quebec-napp
658,institut-national-de-sante-publique-du-quebec-topo
659,institut-teknologi-bandung-sekolah-pascasarjana
660,institute-for-operations-research-and-the-management-sciences
661,institute-of-mathematical-statistics
662,institute-of-mathematics-and-its-applications
663,institute-of-physics-harvard
664,institute-of-physics-numeric
665,instituto-de-pesquisas-tecnologicas
666,instituto-superior-de-teologia-de-las-islas-canarias
667,integrated-science-publishing-journals
668,integrative-and-comparative-biology
669,inter-research-science-center
670,inter-ro
671,interaction-design-and-architectures
672,interdisziplinare-zeitschrift-fur-technologie-und-lernen
673,international-atomic-energy-agency
674,international-brazilian-journal-of-urology
675,international-conference-on-information-systems-development
676,international-development-policy
677,international-energy-agency-organisation-for-economic-co-operation-and-development
678,international-journal-for-numerical-methods-in-biomedical-engineering
679,international-journal-of-audiology
680,international-journal-of-cancer
681,international-journal-of-circuit-theory-and-applications
682,international-journal-of-climatology
683,international-journal-of-electronic-commerce
684,international-journal-of-epidemiology
685,international-journal-of-exercise-science
686,international-journal-of-geriatric-psychiatry
687,international-journal-of-humanoid-robotics
688,international-journal-of-language-and-communication-disorders
689,international-journal-of-lexicography
690,international-journal-of-management-reviews
691,international-journal-of-nuclear-security
692,international-journal-of-obstetric-anesthesia
693,international-journal-of-occupational-medicine-and-environmental-health
694,international-journal-of-oral-and-maxillofacial-surgery
695,international-journal-of-plant-sciences
696,international-journal-of-polymeric-materials-and-polymeric-biomaterials
697,international-journal-of-quantum-chemistry
698,international-journal-of-radiation-oncology-biology-physics
699,international-journal-of-simulation-modelling
700,international-journal-of-spatial-data-infrastructures-research
701,international-journal-of-sports-medicine
702,international-journal-of-urban-and-regional-research
703,international-journal-of-wildland-fire
704,international-labour-organization
705,international-organization
706,international-pig-veterinary-society-congress-proceedings
707,international-studies-association
708,international-union-of-crystallography
709,invertebrate-biology
710,investigative-radiology
711,invisu
712,ios-press-books
713,iranian-journal-of-basic-medical-sciences
714,iranian-journal-of-pharmaceutical-research
715,isabella-stewart-gardner-museum
716,isnad
717,iso690-author-date-cs
718,iso690-author-date-en
719,iso690-author-date-es
720,iso690-author-date-fr-no-abstract
721,iso690-author-date-fr
722,iso690-author-date-sk
723,iso690-full-note-sk
724,iso690-note-cs
725,iso690-note-fr
726,iso690-numeric-brackets-cs
727,iso690-numeric-cs
728,iso690-numeric-en
729,iso690-numeric-fr
730,iso690-numeric-lt
731,iso690-numeric-sk
732,israel-medical-association-journal
733,italian-journal-of-agronomy
734,ius-ecclesiae
735,jacc-cardiovascular-imaging
736,jacc-cardiovascular-interventions
737,jahrbuch-der-osterreichischen-byzantinischen-gesellschaft
738,jahrbuch-fur-evangelikale-theologie
739,javnost-the-public
740,journal-for-veterinary-medicine-biotechnology-and-biosafety
741,journal-of-adolescent-health
742,journal-of-aerosol-medicine-and-pulmonary-drug-delivery
743,journal-of-agricultural-and-applied-economics
744,journal-of-alzheimers-disease
745,journal-of-analytical-toxicology
746,journal-of-animal-physiology-and-animal-nutrition
747,journal-of-animal-science
748,journal-of-antimicrobial-chemotherapy
749,journal-of-applied-animal-science
750,journal-of-applied-clinical-medical-physics
751,journal-of-applied-entomology
752,journal-of-applied-pharmaceutical-research
753,journal-of-applied-polymer-science
754,journal-of-archaeological-research
755,journal-of-atrial-fibrillation
756,journal-of-australian-strength-and-conditioning
757,journal-of-avian-biology
758,journal-of-basic-microbiology
759,journal-of-biogeography
760,journal-of-biological-chemistry
761,journal-of-biological-regulators-and-homeostatic-agents
762,journal-of-biomedical-materials-research-part-a
763,journal-of-bone-and-mineral-research
764,journal-of-brachial-plexus-and-peripheral-nerve-injury
765,journal-of-burn-care-and-research
766,journal-of-business-logistics
767,journal-of-cachexia-sarcopenia-and-muscle
768,journal-of-cardiothoracic-and-vascular-anesthesia
769,journal-of-cellular-and-molecular-medicine
770,journal-of-cellular-biochemistry
771,journal-of-chemistry-and-chemical-engineering
772,journal-of-chemometrics
773,journal-of-child-and-adolescent-psychopharmacology
774,journal-of-clinical-neurophysiology
775,journal-of-clinical-oncology
776,journal-of-clinical-rheumatology
777,journal-of-clinical-sleep-medicine
778,journal-of-combinatorics
779,journal-of-common-market-studies
780,journal-of-comparative-pathology
781,journal-of-computational-chemistry
782,journal-of-computer-applications-in-archaeology
783,journal-of-computer-information-systems
784,journal-of-consumer-research
785,journal-of-crohns-and-colitis-supplements
786,journal-of-crohns-and-colitis
787,journal-of-dairy-science
788,journal-of-elections-public-opinion-and-parties
789,journal-of-endodontics
790,journal-of-environmental-science-and-health-part-b
791,journal-of-european-public-policy
792,journal-of-evolution-and-health
793,journal-of-evolutionary-biology
794,journal-of-experimental-botany
795,journal-of-field-ornithology
796,journal-of-finance
797,journal-of-fish-biology
798,journal-of-fish-diseases
799,journal-of-food-protection
800,journal-of-forensic-sciences
801,journal-of-geriatric-psychiatry-and-neurology
802,journal-of-glaciology
803,journal-of-hearing-science
804,journal-of-historical-linguistics
805,journal-of-human-evolution
806,journal-of-hypertension
807,journal-of-industrial-and-engineering-chemistry
808,journal-of-industrial-ecology
809,journal-of-infection
810,journal-of-infectious-diseases
811,journal-of-information-technology
812,journal-of-institutional-and-theoretical-economics
813,journal-of-integrated-omics
814,journal-of-interactive-marketing
815,journal-of-internal-medicine
816,journal-of-international-business-studies
817,journal-of-international-economic-law
818,journal-of-international-relations-and-development
819,journal-of-investigative-dermatology
820,journal-of-jewish-studies
821,journal-of-korean-neurosurgical-society
822,journal-of-limnology
823,journal-of-linguistics
824,journal-of-lipid-research
825,journal-of-magnetic-resonance-imaging
826,journal-of-mammalogy
827,journal-of-management-information-systems
828,journal-of-management-studies
829,journal-of-management
830,journal-of-materials-research
831,journal-of-mechanical-science-and-technology
832,journal-of-medical-genetics
833,journal-of-medical-internet-research
834,journal-of-minimally-invasive-gynecology
835,journal-of-molecular-cell-biology
836,journal-of-molecular-recognition
837,journal-of-molecular-signaling
838,journal-of-music-technology-and-education
839,journal-of-nanoscience-and-nanotechnology
840,journal-of-natural-history
841,journal-of-neolithic-archaeology
842,journal-of-neurochemistry
843,journal-of-neurological-disorders
844,journal-of-neurophysiology
845,journal-of-neuroscience-and-neuroengineering
846,journal-of-neurosurgery
847,journal-of-neurotrauma
848,journal-of-nutrition
849,journal-of-oral-and-maxillofacial-surgery
850,journal-of-orthopaedic-research
851,journal-of-orthopaedic-trauma
852,journal-of-orthopaedics-trauma-and-rehabilitation
853,journal-of-paleontology
854,journal-of-peace-research
855,journal-of-peptide-science
856,journal-of-perinatal-medicine
857,journal-of-periodontal-research
858,journal-of-petrology
859,journal-of-pharmacy-and-pharmacology
860,journal-of-phycology
861,journal-of-physical-therapy-science
862,journal-of-plant-ecology
863,journal-of-plant-nutrition-and-soil-science
864,journal-of-pollination-ecology
865,journal-of-polymer-science-part-a-polymer-chemistry
866,journal-of-porphyrins-and-phthalocyanines
867,journal-of-product-innovation-management
868,journal-of-psychiatric-and-mental-health-nursing
869,journal-of-psychiatry-and-neuroscience
870,journal-of-raman-spectroscopy
871,journal-of-reconstructive-microsurgery
872,journal-of-retailing
873,journal-of-rheumatology
874,journal-of-roman-archaeology-a
875,journal-of-roman-archaeology-b
876,journal-of-science-and-medicine-in-sport
877,journal-of-separation-science
878,journal-of-shoulder-and-elbow-surgery
879,journal-of-simulation
880,journal-of-sleep-research
881,journal-of-social-philosophy
882,journal-of-sport-and-health-science
883,journal-of-strength-and-conditioning-research
884,journal-of-structural-geology
885,journal-of-studies-on-alcohol-and-drugs
886,journal-of-surgery-and-medicine
887,journal-of-systematic-palaeontology
888,journal-of-the-air-and-waste-management-association
889,journal-of-the-american-academy-of-audiology
890,journal-of-the-american-academy-of-orthopaedic-surgeons
891,journal-of-the-american-association-of-laboratory-animal-science
892,journal-of-the-american-ceramic-society
893,journal-of-the-american-college-of-cardiology
894,journal-of-the-american-college-of-surgeons
895,journal-of-the-american-heart-association
896,journal-of-the-american-society-of-brewing-chemists
897,journal-of-the-american-society-of-nephrology
898,journal-of-the-american-water-resources-association
899,journal-of-the-association-for-information-systems
900,journal-of-the-association-of-environmental-and-resource-economists
901,journal-of-the-brazilian-chemical-society
902,journal-of-the-electrochemical-society
903,journal-of-the-korean-society-of-civil-engineers
904,journal-of-the-marine-biological-association-of-the-united-kingdom
905,journal-of-the-royal-anthropological-institute
906,journal-of-the-south-african-veterinary-association
907,journal-of-thermal-spray-technology
908,journal-of-thrombosis-and-haemostasis
909,journal-of-tropical-ecology
910,journal-of-tropical-life-science
911,journal-of-universal-computer-science
912,journal-of-urban-and-environmental-engineering
913,journal-of-vegetation-science
914,journal-of-vertebrate-paleontology
915,journal-of-veterinary-diagnostic-investigation
916,journal-of-visualized-experiments
917,journal-of-water-sanitation-and-hygiene-for-development
918,journal-of-zoo-and-wildlife-medicine
919,journal-of-zoo-biology
920,journal-of-zoology
921,journal-on-efficiency-and-responsibility-in-education-and-science
922,juristische-zitierweise-schweizer
923,juristische-zitierweise
924,jurnal-pangan-dan-agroindustri
925,karger-journals-author-date
926,karger-journals
927,kidney-international
928,kidney-research-and-clinical-practice
929,kindheit-und-entwicklung
930,knee-surgery-sports-traumatology-arthroscopy
931,kolner-zeitschrift-fur-soziologie-und-sozialpsychologie
932,korean-journal-of-anesthesiology
933,kritische-ausgabe
934,ksce-journal-of-civil-engineering
935,kth-royal-institute-of-technology-school-of-computer-science-and-communication-sv
936,kth-royal-institute-of-technology-school-of-computer-science-and-communication
937,l-homme
938,land-degradation-and-development
939,landes-bioscience-journals
940,language-in-society
941,language
942,lannee-sociologique
943,laser-and-photonics-reviews
944,latin-american-perspectives
945,latin-american-research-review
946,law-and-society-review
947,lcgc
948,leidraad-voor-juridische-auteurs
949,les-journees-de-la-recherche-avicole
950,les-journees-de-la-recherche-porcine
951,lethaia
952,letters-in-applied-microbiology
953,lettres-et-sciences-humaines-fr
954,leviathan
955,limnetica
956,limnology-and-oceanography
957,liver-international
958,lluelles-no-ibid
959,lluelles
960,london-metropolitan-university-harvard
961,london-south-bank-university-numeric
962,lund-university-school-of-economics-and-management
963,macromolecular-reaction-engineering
964,magnetic-resonance-in-medicine
965,maison-de-l-orient-et-de-la-mediterranee
966,mammal-review
967,management-et-avenir
968,management-international
969,mastozoologia-neotropical
970,mathematics-and-computers-in-simulation
971,mcdonald-institute-monographs
972,mcgill-en
973,mcgill-fr
974,medecine-sciences
975,media-culture-and-society
976,medical-dosimetry
977,medical-physics
978,medicina-clinica
979,medicinal-research-reviews
980,medicine-and-science-in-sports-and-exercise
981,mediterranean-journal-of-infection-microbes-and-antimicrobials
982,mediterranean-politics
983,melbourne-school-of-theology
984,memorias-do-instituto-oswaldo-cruz
985,metallurgical-and-materials-transactions-a
986,metallurgical-and-materials-transactions
987,meteoritics-and-planetary-science
988,meteorological-applications
989,methods-in-ecology-and-evolution
990,methods-of-information-in-medicine
991,microbial-drug-resistance
992,microbiology-society
993,microscopy-and-microanalysis
994,mimesis-edizioni
995,mind-and-language
996,mineralogical-magazine
997,mis-quarterly
998,modern-humanities-research-association-author-date
999,modern-humanities-research-association
1000,modern-language-association-6th-edition-note
1001,modern-language-association-7th-edition-underline
1002,modern-language-association-7th-edition-with-url
1003,modern-language-association-7th-edition
1004,modern-language-association
1005,modern-pathology
1006,modern-phytomorphology
1007,molecular-and-cellular-proteomics
1008,molecular-biology-and-evolution
1009,molecular-biology-of-the-cell
1010,molecular-metabolism
1011,molecular-microbiology
1012,molecular-oncology
1013,molecular-plant-microbe-interactions
1014,molecular-plant-pathology
1015,molecular-plant
1016,molecular-psychiatry-letters
1017,molecular-therapy
1018,monash-university-harvard
1019,mondes-en-developpement
1020,moore-theological-college
1021,moorlands-college
1022,multidisciplinary-digital-publishing-institute
1023,multiple-sclerosis-journal
1024,music-theory-spectrum
1025,mutagenesis
1026,mycologia
1027,myrmecological-news
1028,nano-biomedicine-and-engineering
1029,national-archives-of-australia
1030,national-institute-of-health-research
1031,national-institute-of-technology-karnataka
1032,national-library-of-medicine-grant-proposals
1033,national-natural-science-foundation-of-china
1034,national-science-foundation-grant-proposals
1035,national-university-of-singapore-department-of-geography-harvard
1036,natur-und-landschaft
1037,nature-neuroscience-brief-communications
1038,nature-no-et-al
1039,nature-no-superscript
1040,nature-publishing-group-vancouver
1041,nature
1042,natures-sciences-societes
1043,navigation
1044,nccr-mediality
1045,nehet
1046,nephrology-dialysis-transplantation
1047,neural-plasticity
1048,neuroendocrinology-letters
1049,neuroimaging-clinics-of-north-america
1050,neurologia-argentina
1051,neurologia
1052,neurology-india
1053,neurology
1054,neurorehabilitation-and-neural-repair
1055,neuroreport
1056,neurosurgery-clinics-of-north-america
1057,new-harts-rules-the-oxford-style-guide
1058,new-phytologist
1059,new-solutions
1060,new-testament-studies
1061,new-zealand-dental-journal
1062,new-zealand-plant-protection
1063,new-zealand-veterinary-journal
1064,nordic-pulp-and-paper-research-journal
1065,norma-portuguesa-405
1066,northeastern-naturalist
1067,nottingham-trent-university-library-harvard
1068,nowa-audiofonologia
1069,nuclear-receptor-signaling
1070,nucleic-acids-research-web-server-issue
1071,nucleic-acids-research
1072,obafemi-awolowo-university-faculty-of-technology
1073,obesity
1074,obstetrics-and-gynecology-science
1075,occupational-medicine
1076,oceanography
1077,oecologia-australis
1078,oikos
1079,oncoimmunology
1080,oncotarget
1081,onderstepoort-journal-of-veterinary-research
1082,ophthalmology-retina
1083,ophthalmology
1084,optics-express
1085,optometry-and-vision-science
1086,oral-diseases
1087,organic-geochemistry
1088,ornitologia-neotropical
1089,orthopedic-clinics-of-north-america
1090,oryx
1091,oscola-no-ibid
1092,oscola
1093,osterreichische-zeitschrift-fur-politikwissenschaft
1094,otto-von-guricke-universitat-magdeburg-medizinische-fakultat-numeric
1095,owbarth-verlag
1096,oxford-centre-for-mission-studies-harvard
1097,oxford-studies-in-ancient-philosophy
1098,oxford-studies-on-the-roman-economy
1099,oxford-the-university-of-new-south-wales
1100,oxford-university-press-humsoc
1101,oxford-university-press-scimed-author-date
1102,oxford-university-press-scimed-numeric
1103,oxidation-of-metals
1104,padagogische-hochschule-fachhochschule-nordwestschweiz
1105,padagogische-hochschule-heidelberg
1106,padagogische-hochschule-vorarlberg
1107,paediatric-and-perinatal-epidemiology
1108,pain
1109,pakistani-veterinary-journal
1110,palaeontographica-abteilung-b-palaeobotany-palaeophytology
1111,palaeontologia-electronica
1112,palaeontology
1113,palaeovertebrata
1114,palaios
1115,paleobiology
1116,parasitology
1117,pediatric-allergy-and-immunology
1118,pediatric-anesthesia
1119,pediatric-blood-and-cancer
1120,pediatric-physical-therapy
1121,pediatric-research
1122,peerj
1123,periodicum-biologorum
1124,periodontology-2000
1125,permafrost-and-periglacial-processes
1126,perspectives-on-politics
1127,perspectives-on-sexual-and-reproductive-health
1128,pest-management-science
1129,petit-chicago-author-date
1130,pharmacoepidemiology-and-drug-safety
1131,philippika
1132,philipps-universitat-marburg-note
1133,philosophia-scientiae
1134,phycological-research
1135,phyllomedusa
1136,physiological-and-biochemical-zoology
1137,planning-practice-and-research
1138,plant-and-cell-physiology
1139,plant-biology
1140,plant-biotechnology-journal
1141,plant-cell-and-environment
1142,plant-pathology
1143,plos
1144,pnas
1145,podzemna-voda
1146,polish-legal
1147,political-studies
1148,politische-vierteljahresschrift
1149,polymer-reviews
1150,pontifical-athenaeum-regina-apostolorum
1151,pontifical-biblical-institute
1152,pontifical-gregorian-university
1153,population-space-and-place
1154,population
1155,poultry-science
1156,prehospital-emergency-care
1157,preslia
1158,primary-care-clinics-in-office-practice
1159,proceedings-of-the-royal-society-b
1160,proinflow
1161,protein-engineering-design-and-selection
1162,protein-science
1163,proteomics
1164,psychiatric-clinics-of-north-america
1165,psychiatric-services
1166,psychiatry-and-clinical-neurosciences
1167,psychosomatic-medicine
1168,psychosomatics
1169,public-health-nutrition
1170,quaderni-degli-avogadro-colloquia
1171,quaderni-materialisti
1172,quaternary-international
1173,r-and-d-management
1174,radiochimica-acta
1175,radiographics
1176,radiography
1177,radiologic-clinics-of-north-america
1178,radiology
1179,radiopaedia
1180,raffles-bulletin-of-zoology
1181,rapid-communications-in-mass-spectrometry
1182,recent-patents-on-drug-delivery-and-formulation
1183,recherches-en-sciences-de-gestion
1184,religion-in-the-roman-empire
1185,renewable-agriculture-and-food-systems
1186,reports-of-practical-oncology-and-radiotherapy
1187,reproduction-fertility-and-development
1188,reproduction-in-domestic-animals
1189,research-on-biomedical-engineering
1190,resuscitation
1191,reviews-of-modern-physics-with-titles
1192,revista-argentina-de-antropologia-biologica
1193,revista-brasileira-de-ciencia-do-solo
1194,revista-chilena-de-derecho-y-tecnologia
1195,revista-ciencias-tecnicas-agropecuarias
1196,revista-da-sociedade-brasileira-de-medicina-tropical
1197,revista-de-biologia-tropical
1198,revista-de-filologia-espanola
1199,revista-fave-seccion-ciencias-agrarias
1200,revista-latinoamericana-de-metalurgia-y-materiales
1201,revista-latinoamericana-de-recursos-naturales
1202,revista-noesis
1203,revista-portuguesa-de-arqueologia
1204,revista-virtual-de-quimica
1205,revue-archeologique-du-centre-de-la-france
1206,revue-archeologique
1207,revue-d-elevage-et-de-medecine-veterinaire-des-pays-tropicaux
1208,revue-de-medecine-veterinaire
1209,revue-de-qumran
1210,revue-des-nouvelles-technologies-de-l-information
1211,revue-europeenne-des-migrations-internationales
1212,revue-francaise-de-sociologie
1213,risk-analysis
1214,rofo
1215,romanian-humanities
1216,rose-school
1217,royal-society-of-chemistry-with-titles
1218,royal-society-of-chemistry
1219,sage-harvard
1220,sage-vancouver-brackets
1221,sage-vancouver
1222,scandinavian-journal-of-infectious-diseases
1223,scandinavian-journal-of-medicine-and-science-in-sports
1224,scandinavian-journal-of-rheumatology
1225,scandinavian-journal-of-work-environment-and-health
1226,science-and-technology-for-the-built-environment
1227,science-china-life-sciences
1228,science-translational-medicine
1229,science-without-titles
1230,science
1231,scienceasia
1232,scientia-agriculturae-bohemica
1233,scientific-review-engineering-and-environmental-sciences
1234,scrinium
1235,seed-science-research
1236,seminaire-saint-sulpice-ecole-theologie
1237,seminars-in-pediatric-neurology
1238,service-medical-de-l-assurance-maladie
1239,sexual-development
1240,sexual-health
1241,sheffield-hallam-university-history
1242,sist02
1243,small
1244,smithsonian-institution-scholarly-press-author-date
1245,smithsonian-institution-scholarly-press-botany
1246,smithsonian-institution-scholarly-press-note
1247,social-cognitive-and-affective-neuroscience
1248,sociedade-brasileira-de-computacao
1249,societe-nationale-des-groupements-techniques-veterinaires
1250,society-for-american-archaeology
1251,society-for-historical-archaeology
1252,society-for-laboratory-automation-and-screening
1253,society-of-automotive-engineers-technical-papers-numeric
1254,society-of-biblical-literature-fullnote-bibliography
1255,socio-economic-review
1256,sociology-of-health-and-illness
1257,sodertorns-hogskola-harvard-ibid
1258,sodertorns-hogskola-harvard
1259,soil-biology-and-biochemistry
1260,soil-science-and-plant-nutrition
1261,solutions
1262,south-african-journal-of-animal-science
1263,south-african-journal-of-enology-and-viticulture
1264,south-african-journal-of-geology
1265,south-african-theological-seminary
1266,soziale-welt
1267,sozialpadagogisches-institut-berlin-walter-may
1268,sozialwissenschaften-heilmann
1269,soziologie
1270,spandidos-publications
1271,spectroscopy-letters
1272,spine
1273,spip-cite
1274,springer-fachzeitschriften-medizin-psychologie
1275,springer-humanities-author-date
1276,springer-humanities-brackets
1277,springer-lecture-notes-in-computer-science-alphabetical
1278,springer-lecture-notes-in-computer-science
1279,springer-mathphys-author-date
1280,springer-mathphys-brackets
1281,springer-physics-author-date
1282,springer-physics-brackets
1283,springer-socpsych-author-date
1284,springer-socpsych-brackets
1285,springer-vancouver-author-date
1286,springer-vancouver-brackets
1287,springer-vs-author-date
1288,springerprotocols
1289,st-patricks-college
1290,statistika-statistics-and-economy-journal
1291,stavebni-obzor
1292,stem-cells-and-development
1293,stem-cells
1294,strategic-management-journal
1295,stroke
1296,structural-control-and-health-monitoring
1297,studia-bas
1298,style-manual-australian-government
1299,surgical-clinics-of-north-america
1300,surgical-neurology-international
1301,surgical-pathology-clinics
1302,svensk-exegetisk-arsbok
1303,swedish-legal
1304,systematic-and-applied-microbiology
1305,systematic-biology
1306,tabula
1307,taxon
1308,taylor-and-francis-chicago-author-date
1309,taylor-and-francis-chicago-f
1310,taylor-and-francis-council-of-science-editors-author-date
1311,taylor-and-francis-harvard-x
1312,taylor-and-francis-national-library-of-medicine
1313,taylor-and-francis-numeric-q
1314,technische-universitat-dresden-betriebswirtschaftslehre-logistik-author-date
1315,technische-universitat-dresden-erziehungswissenschaften-author-date
1316,technische-universitat-dresden-finanzwirtschaft-und-finanzdienstleistungen-author-date-with-short-titles
1317,technische-universitat-dresden-finanzwirtschaft-und-finanzdienstleistungen-author-date
1318,technische-universitat-dresden-finanzwirtschaft-und-finanzdienstleistungen-note
1319,technische-universitat-dresden-historische-musikwissenschaft-note
1320,technische-universitat-dresden-kunstgeschichte-note
1321,technische-universitat-dresden-medienwissenschaft-und-neuere-deutsche-literatur-note
1322,technische-universitat-dresden-medizin
1323,teologia-catalunya
1324,terra-nova
1325,tetrahedron-letters
1326,the-accounting-review
1327,the-american-journal-of-cardiology
1328,the-american-journal-of-gastroenterology
1329,the-american-journal-of-human-genetics
1330,the-american-journal-of-pathology
1331,the-american-journal-of-psychiatry
1332,the-american-midland-naturalist
1333,the-american-naturalist
1334,the-astrophysical-journal
1335,the-auk
1336,the-biological-bulletin
1337,the-bone-and-joint-journal
1338,the-british-journal-for-the-philosophy-of-science
1339,the-british-journal-of-cardiology
1340,the-british-journal-of-psychiatry
1341,the-british-journal-of-sociology
1342,the-canadian-geographer
1343,the-canadian-journal-of-chemical-engineering
1344,the-canadian-journal-of-psychiatry
1345,the-chemical-society-of-japan
1346,the-company-of-biologists
1347,the-design-journal
1348,the-embo-journal
1349,the-faseb-journal
1350,the-febs-journal
1351,the-geological-society-of-america
1352,the-geological-society-of-london
1353,the-hastings-center-report
1354,the-holocene
1355,the-institute-of-electronics-information-and-communication-engineers
1356,the-institution-of-engineering-and-technology
1357,the-international-journal-of-developmental-biology
1358,the-isme-journal
1359,the-journal-of-adhesive-dentistry
1360,the-journal-of-agricultural-science
1361,the-journal-of-clinical-investigation
1362,the-journal-of-comparative-neurology
1363,the-journal-of-eukaryotic-microbiology
1364,the-journal-of-foot-and-ankle-surgery
1365,the-journal-of-hellenic-studies
1366,the-journal-of-immunology
1367,the-journal-of-infection-in-developing-countries
1368,the-journal-of-juristic-papyrology
1369,the-journal-of-modern-history
1370,the-journal-of-molecular-diagnostics
1371,the-journal-of-nervous-and-mental-disease
1372,the-journal-of-neuropsychiatry-and-clinical-neurosciences
1373,the-journal-of-neuroscience
1374,the-journal-of-nuclear-medicine
1375,the-journal-of-pain
1376,the-journal-of-pathology
1377,the-journal-of-peasant-studies
1378,the-journal-of-physiology
1379,the-journal-of-pure-and-applied-chemistry-research
1380,the-journal-of-roman-studies
1381,the-journal-of-the-acoustical-society-of-america
1382,the-journal-of-the-torrey-botanical-society
1383,the-journal-of-urology
1384,the-journal-of-veterinary-medical-science
1385,the-journal-of-wildlife-management
1386,the-journals-of-gerontology-series-a
1387,the-lancet
1388,the-lichenologist
1389,the-national-medical-journal-of-india
1390,the-neuroscientist
1391,the-new-england-journal-of-medicine
1392,the-oncologist
1393,the-open-university-a251
1394,the-open-university-harvard
1395,the-open-university-m801
1396,the-optical-society
1397,the-pan-african-medical-journal
1398,the-plant-cell
1399,the-plant-genome
1400,the-plant-journal
1401,the-review-of-financial-studies
1402,the-rockefeller-university-press
1403,the-saudi-journal-for-dental-research
1404,the-scandinavian-journal-of-clinical-and-laboratory-investigation
1405,the-university-of-western-australia-harvard
1406,the-university-of-winchester-harvard
1407,the-world-journal-of-biological-psychiatry
1408,theologie-und-philosophie
1409,theory-culture-and-society
1410,thieme-german
1411,thrombosis-and-haemostasis
1412,thyroid
1413,tijdschrift-voor-economische-en-sociale-geografie
1414,tissue-engineering
1415,toxicological-sciences
1416,traffic-injury-prevention
1417,traffic
1418,transactions-of-the-american-philological-association
1419,transactions-of-the-materials-research-society-of-japan
1420,transboundary-and-emerging-diseases
1421,transplantation
1422,transportation-research-record
1423,tree-physiology
1424,trends-journals
1425,tropical-animal-health-and-production
1426,tsaqafah
1427,turabian-fullnote-bibliography
1428,twentieth-century-music
1429,ugeskrift-for-laeger
1430,ultrasound-in-medicine-and-biology
1431,uludag-universitesi-sosyal-bilimler-enstitusu-author-date
1432,uludag-universitesi-sosyal-bilimler-enstitusu-full-note-with-ibid
1433,uludag-universitesi-sosyal-bilimler-enstitusu-full-note
1434,uludag-universitesi-sosyal-bilimler-enstitusu-ilahiyat-fakultesi-full-note-with-ibid
1435,uludag-universitesi-sosyal-bilimler-enstitusu-ilahiyat-fakultesi-full-note
1436,unified-style-linguistics
1437,united-nations-conference-on-trade-and-development
1438,united-nations-framework-convention-on-climate-change
1439,universidad-autonoma-cidudad-juarez-estilo-latino-humanistico
1440,universidad-evangelica-del-paraguay
1441,universidade-estadual-do-oeste-do-parana-programa-institucional-de-bolsas-de-iniciacao-cientifica
1442,universidade-estadual-paulista-campus-de-dracena-abnt
1443,universidade-federal-de-juiz-de-fora
1444,universidade-federal-do-espirito-santo-abnt-initials
1445,universidade-federal-do-espirito-santo-abnt
1446,universita-cattolica-del-sacro-cuore
1447,universita-di-bologna-lettere
1448,universita-pontificia-salesiana-it
1449,universita-pontificia-salesiana
1450,universitas-negeri-semarang-fakultas-matematika-dan-ilmu-pengetahuan-alam
1451,universitas-negeri-yogyakarta-program-pascasarjana
1452,universitat-bremen-institut-fur-politikwissenschaft
1453,universite-catholique-de-louvain-histoire
1454,universite-de-montreal-apa
1455,universite-de-montreal-faculte-de-musique
1456,universite-de-picardie-jules-verne-ufr-de-medecine
1457,universite-de-sherbrooke-departement-de-geomatique
1458,universite-de-sherbrooke-faculte-d-education
1459,universite-du-quebec-a-montreal
1460,universite-laval-departement-des-sciences-historiques
1461,universite-laval-departement-dinformation-et-de-communication
1462,universite-laval-faculte-de-theologie-et-de-sciences-religieuses
1463,universiteit-utrecht-onderzoeksgids-geschiedenis
1464,universitetet-i-oslo-rettsvitenskap
1465,university-college-dublin-school-of-history-and-archives
1466,university-college-lillebaelt-apa
1467,university-college-lillebaelt-harvard
1468,university-college-lillebaelt-vancouver
1469,university-for-the-creative-arts-figures
1470,university-of-cambridge-faculty-of-history
1471,university-of-gothenburg-apa-swedish-legislations
1472,university-of-helsinki-faculty-of-theology
1473,university-of-lincoln-harvard
1474,university-of-new-england-australia-note
1475,university-of-south-australia-harvard-2011
1476,university-of-south-australia-harvard-2013
1477,university-of-york-apa
1478,university-of-york-chicago
1479,university-of-york-harvard-archaeology
1480,university-of-york-harvard-environment
1481,university-of-york-harvard
1482,university-of-york-ieee
1483,university-of-york-mhra
1484,university-of-york-mla
1485,university-of-york-oscola
1486,university-of-york-vancouver
1487,university-of-zabol-fa
1488,university-of-zabol
1489,univerza-na-primorskem-fakulteta-za-vede-o-zdravju-apa
1490,uppsala-universitet-historia
1491,uppsala-universitet-institutionen-for-biologisk-grundutbildning
1492,urban-geography
1493,urban-habitats
1494,urban-studies
1495,urological-science
1496,us-geological-survey
1497,usda-forest-service-pacific-northwest-research-station
1498,user-modeling-and-user-adapted-interaction
1499,uspekhi-gerontologii
1500,utah-geological-survey
1501,vancouver-author-date
1502,vancouver-brackets-no-et-al
1503,vancouver-brackets-only-year-no-issue
1504,vancouver-brackets
1505,vancouver-fr-ca
1506,vancouver-imperial-college-london
1507,vancouver-superscript-brackets-only-year
1508,vancouver-superscript-only-year
1509,vancouver-superscript
1510,vancouver
1511,veterinary-medicine-austria
1512,veterinary-microbiology
1513,veterinary-pathology
1514,veterinary-radiology-and-ultrasound
1515,veterinary-record
1516,vienna-legal
1517,vietnam-ministry-of-education-and-training-en
1518,vietnam-ministry-of-education-and-training-vi
1519,vigiliae-christianae
1520,vilnius-gediminas-technical-university
1521,vita-latina-auteurs-anciens
1522,vita-latina
1523,vodohospodarske-technicko-ekonomicke-informace-en
1524,vodohospodarske-technicko-ekonomicke-informace
1525,water-alternatives
1526,water-environment-research
1527,water-sa
1528,water-science-and-technology
1529,waterbirds
1530,west-european-politics
1531,western-journal-of-emergency-medicine
1532,westfalische-wilhelms-universitat-munster-medizinische-fakultat
1533,wheaton-college-phd-in-biblical-and-theological-studies
1534,who-europe-harvard
1535,who-europe-numeric
1536,wiley-vch-books
1537,wireless-communications-and-mobile-computing
1538,wirtschaftsuniversitat-wien-author-date
1539,wirtschaftsuniversitat-wien-handel-und-marketing
1540,wirtschaftsuniversitat-wien-wirtschaftspadagogik
1541,wissenschaftlicher-industrielogistik-dialog
1542,world-applied-sciences-journal
1543,world-congress-on-engineering-asset-management
1544,world-journal-of-gastroenterology
1545,world-mycotoxin-journal
1546,world-organisation-for-animal-health-scientific-and-technical-review
1547,world-politcs
1548,worlds-poultry-science-journal
1549,xenotransplantation
1550,yeast
1551,zastosowania-komputerow-w-elektrotechnice
1552,zdravniski-vestnik
1553,zeitschrift-fur-allgemeinmedizin
1554,zeitschrift-fur-deutsche-philologie
1555,zeitschrift-fur-internationale-beziehungen
1556,zeitschrift-fur-kunstgeschichte
1557,zeitschrift-fur-padagogik
1558,zeitschrift-fur-qualitative-forschung
1559,zeitschrift-fur-religionswissenschaft-author-date
1560,zeitschrift-fur-religionswissenschaft-note
1561,zeitschrift-fur-soziologie
1562,zeitschrift-fur-theologie-und-kirche
1563,zeszyty-prawnicze-bas
1564,zookeys
1565,zoological-journal-of-the-linnean-society
1566,zootaxa
1567,zwitscher-maschine
