index,citationStyle,total,percentage,notWorkingIndex,notWorkingCitationStyle
0,_the-open-university-numeric-superscript,633996,0.064,520,gost-r-7-0-5-2008-numeric
1,_the-open-university-numeric,633996,0.064,724,iso690-note-cs
2,academy-of-management-review,633996,0.064,1475,university-of-south-australia-harvard-2011
3,accident-analysis-and-prevention,633996,0.064,1476,university-of-south-australia-harvard-2013
4,acm-sig-proceedings,633996,0.064,,
5,acm-sigchi-proceedings-extended-abstract-format,633996,0.064,,
6,acta-amazonica,633996,0.064,,
7,acta-anaesthesiologica-scandinavica,633996,0.064,,
8,acta-anaesthesiologica-taiwanica,633996,0.064,,
9,acta-pharmaceutica-sinica-b,633996,0.064,,
10,acta-pharmaceutica,633996,0.064,,
11,acta-psychiatrica-scandinavica,633996,0.064,,
12,acta-scientiae-veterinariae,633996,0.064,,
13,acta-universitatis-agriculturae-et-silviculturae-mendelianae-brunensis,633996,0.064,,
14,addiction-biology,633996,0.064,,
15,administrative-science-quarterly,633996,0.064,,
16,advanced-functional-materials,633996,0.064,,
17,advances-in-complex-systems,633996,0.064,,
18,aerosol-science-and-technology,633996,0.064,,
19,african-online-scientific-information-systems-harvard,633996,0.064,,
20,ageing-and-society,633996,0.064,,
21,aging,633996,0.064,,
22,allergology-international,633996,0.064,,
23,ambio,633996,0.064,,
24,american-association-for-cancer-research,633996,0.064,,
25,american-association-of-petroleum-geologists,633996,0.064,,
26,american-chemical-society,633996,0.064,,
27,american-geophysical-union,633996,0.064,,
28,american-journal-of-archaeology,633996,0.064,,
29,american-journal-of-medical-genetics,633996,0.064,,
30,american-journal-of-orthodontics-and-dentofacial-orthopedics,633996,0.064,,
31,american-journal-of-political-science,633996,0.064,,
32,american-journal-of-science,633996,0.064,,
33,american-journal-of-translational-research,633996,0.064,,
34,american-marketing-association,633996,0.064,,
35,american-medical-association-alphabetical,633996,0.064,,
36,american-meteorological-society,633996,0.064,,
37,american-physics-society,633996,0.064,,
38,american-physiological-society,633996,0.064,,
39,american-phytopathological-society,633996,0.064,,
40,american-political-science-association,633996,0.064,,
41,american-society-for-microbiology,633996,0.064,,
42,american-society-for-pharmacology-and-experimental-therapeutics,633996,0.064,,
43,american-society-of-agricultural-and-biological-engineers,633996,0.064,,
44,american-society-of-civil-engineers,633996,0.064,,
45,american-society-of-mechanical-engineers,633996,0.064,,
46,american-sociological-association,633996,0.064,,
47,american-statistical-association,633996,0.064,,
48,american-veterinary-medical-association,633996,0.064,,
49,amphibia-reptilia,633996,0.064,,
50,anabases,614477,0.062,,
51,anaesthesia,633996,0.064,,
52,analytical-sciences,633996,0.064,,
53,anesthesia-and-analgesia,633996,0.064,,
54,anesthesiology,633996,0.064,,
55,angewandte-chemie,633996,0.064,,
56,angiologia,633996,0.064,,
57,animal-conservation,633996,0.064,,
58,animal-migration,633996,0.064,,
59,animal,633996,0.064,,
60,annalen-des-naturhistorischen-museums-in-wien,633996,0.064,,
61,annals-of-applied-biology,633996,0.064,,
62,annals-of-behavioral-medicine,633996,0.064,,
63,annals-of-biomedical-engineering,633988,0.064,,
64,annals-of-botany,633996,0.064,,
65,annals-of-joint,633996,0.064,,
66,annals-of-neurology,633996,0.064,,
67,annals-of-oncology,633996,0.064,,
68,annals-of-surgery,633996,0.064,,
69,annals-of-the-association-of-american-geographers,633996,0.064,,
70,annals-of-the-new-york-academy-of-sciences,633996,0.064,,
71,annual-review-of-astronomy-and-astrophysics,633519,0.064,,
72,annual-review-of-medicine,633519,0.064,,
73,annual-review-of-nuclear-and-particle-science,633519,0.064,,
74,annual-reviews-alphabetical,633519,0.064,,
75,annual-reviews-author-date,633519,0.064,,
76,annual-reviews-without-titles,633519,0.064,,
77,annual-reviews,633519,0.064,,
78,antarctic-science,633996,0.064,,
79,anthropologie-et-societes,633996,0.064,,
80,anticancer-research,633996,0.064,,
81,antiquity,633996,0.064,,
82,apa-5th-edition,633996,0.064,,
83,apa-annotated-bibliography,633996,0.064,,
84,apa-cv,633996,0.064,,
85,apa-fr-provost,633996,0.064,,
86,apa-no-ampersand,633996,0.064,,
87,apa-no-doi-no-issue,633996,0.064,,
88,apa-old-doi-prefix,633996,0.064,,
89,apa-single-spaced,633996,0.064,,
90,apa-tr,633996,0.064,,
91,apa,633996,0.064,,
92,applied-in-vitro-toxicology,633996,0.064,,
93,applied-spectroscopy-reviews,633996,0.064,,
94,applied-spectroscopy,633996,0.064,,
95,aquatic-conservation,633996,0.064,,
96,aquatic-invasions,633996,0.064,,
97,aquatic-living-resources,633996,0.064,,
98,aquitania,633996,0.064,,
99,arachne,633996,0.064,,
100,arachnology,633996,0.064,,
101,archaeometry,633996,0.064,,
102,archeologia-classica,633996,0.064,,
103,archeologie-medievale,626285,0.063,,
104,archeologies-et-sciences-de-lantiquite,633996,0.064,,
105,archiv-fur-die-civilistische-praxis,633996,0.064,,
106,archiv-fur-geschichte-der-philosophie,633996,0.064,,
107,archives-of-physical-medicine-and-rehabilitation,633996,0.064,,
108,archivos-de-bronconeumologia,633996,0.064,,
109,archivos-de-la-sociedad-espanola-de-oftalmologia,633996,0.064,,
110,arctic-antarctic-and-alpine-research,633996,0.064,,
111,arhiv-za-higijenu-rada-i-toksikologiju,633996,0.064,,
112,artery-research,633996,0.064,,
113,arthritis-and-rheumatism,633996,0.064,,
114,arts-university-bournemouth,633996,0.064,,
115,arzneimitteltherapie,633996,0.064,,
116,asa-cssa-sssa,633996,0.064,,
117,asaio-journal,633996,0.064,,
118,asia-and-the-pacific-policy-studies,633996,0.064,,
119,asia-pacific-journal-of-human-resources,633996,0.064,,
120,asian-journal-of-neurosurgery,633996,0.064,,
121,asian-studies-review,633996,0.064,,
122,assay-and-drug-development-technologies,633996,0.064,,
123,associacao-brasileira-de-normas-tecnicas-eceme,633996,0.064,,
124,associacao-brasileira-de-normas-tecnicas-instituto-meira-mattos,633996,0.064,,
125,associacao-brasileira-de-normas-tecnicas-ipea,633996,0.064,,
126,associacao-brasileira-de-normas-tecnicas-note,633996,0.064,,
127,associacao-brasileira-de-normas-tecnicas-ufmg-face-full,633996,0.064,,
128,associacao-brasileira-de-normas-tecnicas-ufmg-face-initials,633996,0.064,,
129,associacao-brasileira-de-normas-tecnicas-ufpr,633996,0.064,,
130,associacao-brasileira-de-normas-tecnicas-ufrgs-initials,633996,0.064,,
131,associacao-brasileira-de-normas-tecnicas-ufrgs,633996,0.064,,
132,associacao-brasileira-de-normas-tecnicas-ufs,633996,0.064,,
133,associacao-brasileira-de-normas-tecnicas-usp-fmvz,633996,0.064,,
134,associacao-brasileira-de-normas-tecnicas,633996,0.064,,
135,associacao-nacional-de-pesquisa-e-ensino-em-transportes,633996,0.064,,
136,association-de-science-regionale-de-langue-francaise,633996,0.064,,
137,association-for-computational-linguistics,633519,0.064,,
138,association-for-computing-machinery,633996,0.064,,
139,atlas-of-genetics-and-cytogenetics-in-oncology-and-haematology,633996,0.064,,
140,austral-ecology,633996,0.064,,
141,australian-critical-care,633996,0.064,,
142,australian-guide-to-legal-citation,633996,0.064,,
143,australian-journal-of-earth-sciences,633996,0.064,,
144,australian-journal-of-grape-and-wine-research,633996,0.064,,
145,australian-veterinary-journal,633996,0.064,,
146,austrian-legal,633996,0.064,,
147,avian-diseases,633996,0.064,,
148,avian-pathology,633996,0.064,,
149,aviation-space-and-environmental-medicine,633996,0.064,,
150,babes-bolyai-university-faculty-of-orthodox-theology,633996,0.064,,
151,baghdad-science-journal,633996,0.064,,
152,behaviour,633996,0.064,,
153,beltz-padagogik,633996,0.064,,
154,bioarchaeology-international,633996,0.064,,
155,bioarchaeology-of-the-near-east,633996,0.064,,
156,biochemical-journal,633996,0.064,,
157,biochemical-society-transactions,633996,0.064,,
158,biochemistry-and-molecular-biology-education,633996,0.064,,
159,biochemistry,633996,0.064,,
160,biochimica-et-biophysica-acta,633996,0.064,,
161,bioelectromagnetics,633996,0.064,,
162,bioessays,633996,0.064,,
163,bioinformatics,633996,0.064,,
164,biologia,633996,0.064,,
165,biological-and-pharmaceutical-bulletin,633996,0.064,,
166,biological-journal-of-the-linnean-society,633996,0.064,,
167,biological-psychiatry,633996,0.064,,
168,biological-reviews,633996,0.064,,
169,biology-of-reproduction,633996,0.064,,
170,biomed-central,633996,0.064,,
171,biomed-research-international,633996,0.064,,
172,biometrics,633996,0.064,,
173,biophysical-journal,633996,0.064,,
174,biopolymers,633996,0.064,,
175,bioresources,633996,0.064,,
176,biosocieties,633996,0.064,,
177,biota-neotropica,633996,0.064,,
178,biotechniques,633996,0.064,,
179,biotechnology-and-bioengineering,633996,0.064,,
180,biotropica,633996,0.064,,
181,biuletyn-polskiego-towarzystwa-jezykoznawczego,633996,0.064,,
182,blood,633996,0.064,,
183,bmj,633996,0.064,,
184,body-and-society,633996,0.064,,
185,boletin-de-pediatria,633996,0.064,,
186,boreal-environment-research,633996,0.064,,
187,brachytherapy,633996,0.064,,
188,brain-behavior-and-evolution,633996,0.064,,
189,brain,633996,0.064,,
190,brazilian-journal-of-infectious-diseases,633996,0.064,,
191,brewingscience,633996,0.064,,
192,briefings-in-bioinformatics,633996,0.064,,
193,british-journal-of-anaesthesia,633996,0.064,,
194,british-journal-of-cancer,633996,0.064,,
195,british-journal-of-dermatology,633996,0.064,,
196,british-journal-of-haematology,633996,0.064,,
197,british-journal-of-industrial-relations,633996,0.064,,
198,british-journal-of-pharmacology,633996,0.064,,
199,british-journal-of-political-science,633996,0.064,,
200,british-journal-of-surgery,633996,0.064,,
201,budownictwo-i-architektura-pl,633996,0.064,,
202,building-structure,633996,0.064,,
203,bulletin-de-correspondance-hellenique,633996,0.064,,
204,bulletin-de-la-societe-entomologique-de-france,633996,0.064,,
205,bulletin-of-marine-science,633996,0.064,,
206,bulletin-of-the-american-schools-of-oriental-research,633996,0.064,,
207,business-ethics-a-european-review,633996,0.064,,
208,byzantina-symmeikta,633996,0.064,,
209,cahiers-d-ethnomusicologie,633996,0.064,,
210,cahiers-du-centre-gustave-glotz,633996,0.064,,
211,california-agriculture,633996,0.064,,
212,cambridge-journal-of-economics,633996,0.064,,
213,cambridge-university-press-author-date,633996,0.064,,
214,cambridge-university-press-law-note,633519,0.064,,
215,cambridge-university-press-note,633519,0.064,,
216,cambridge-university-press-numeric,633996,0.064,,
217,campus-adventiste-du-saleve-faculte-adventiste-de-theologie,633996,0.064,,
218,canadian-journal-of-chemistry,633996,0.064,,
219,canadian-journal-of-dietetic-practice-and-research,633996,0.064,,
220,canadian-journal-of-economics,633996,0.064,,
221,canadian-journal-of-physics,633996,0.064,,
222,canadian-journal-of-public-health,633996,0.064,,
223,canadian-public-policy,633996,0.064,,
224,cancer-translational-medicine,633996,0.064,,
225,carcinogenesis,633996,0.064,,
226,cardiff-university-vancouver,633996,0.064,,
227,cardiocore,633996,0.064,,
228,cath-lab-digest,633985,0.064,,
229,cell-numeric-superscript,633996,0.064,,
230,cell-numeric,633996,0.064,,
231,cell-research,633996,0.064,,
232,cell-structure-and-function,633996,0.064,,
233,cell-transplantation,633996,0.064,,
234,cell,633996,0.064,,
235,cellular-and-molecular-bioengineering,633996,0.064,,
236,cellular-reprogramming,633996,0.064,,
237,centaurus,633996,0.064,,
238,cerebral-cortex,633996,0.064,,
239,ceska-zemedelska-univerzita-v-praze-fakulta-agrobiologie-potravinovych-a-prirodnich-zdroju,633996,0.064,,
240,changer-d-epoque,614477,0.062,,
241,chemical-and-pharmaceutical-bulletin,633996,0.064,,
242,chemical-biology-and-drug-design,633996,0.064,,
243,chemical-senses,633996,0.064,,
244,chemie-ingenieur-technik,633996,0.064,,
245,chemistry-education-research-and-practice,633996,0.064,,
246,chest,633996,0.064,,
247,chicago-annotated-bibliography,633996,0.064,,
248,chicago-author-date-16th-edition,633996,0.064,,
249,chicago-author-date-de,633996,0.064,,
250,chicago-author-date-fr,633996,0.064,,
251,chicago-author-date,633996,0.064,,
252,chicago-fullnote-bibliography-16th-edition,633996,0.064,,
253,chicago-fullnote-bibliography-fr,633996,0.064,,
254,chicago-fullnote-bibliography-with-ibid,633996,0.064,,
255,chicago-fullnote-bibliography,633996,0.064,,
256,chicago-library-list,633996,0.064,,
257,chicago-note-bibliography-16th-edition,633996,0.064,,
258,chicago-note-bibliography-with-ibid,633996,0.064,,
259,chicago-note-bibliography,633996,0.064,,
260,chimia,633996,0.064,,
261,chinese-gb7714-1987-numeric,633996,0.064,,
262,chinese-gb7714-2005-author-date,633996,0.064,,
263,chinese-gb7714-2005-numeric,633996,0.064,,
264,chinese-journal-of-aeronautics,633996,0.064,,
265,chroniques-des-activites-archeologiques-de-l-ecole-francaise-de-rome,633996,0.064,,
266,circulation-journal,633996,0.064,,
267,circulation,633996,0.064,,
268,cirugia-cardiovascular,633996,0.064,,
269,citizen-science-theory-and-practice,633996,0.064,,
270,civilta-italiana,633996,0.064,,
271,cladistics,633996,0.064,,
272,clara-architecture-recherche,633996,0.064,,
273,clay-minerals,633996,0.064,,
274,clays-and-clay-minerals,633996,0.064,,
275,climate-change-economics,633996,0.064,,
276,clinica-e-investigacion-en-arteriosclerosis,633996,0.064,,
277,clinical-anatomy,633288,0.064,,
278,clinical-dysmorphology,633996,0.064,,
279,clinical-gastroenterology-and-hepatology,633996,0.064,,
280,clinical-hemorheology-and-microcirculation,633996,0.064,,
281,clinical-infectious-diseases,633996,0.064,,
282,clinical-journal-of-sport-medicine,633996,0.064,,
283,clinical-nuclear-medicine,633996,0.064,,
284,clinical-oral-implants-research,633996,0.064,,
285,clinical-orthopaedics-and-related-research,633996,0.064,,
286,clinical-otolaryngology,633996,0.064,,
287,clinical-pharmacology-and-therapeutics,633996,0.064,,
288,clinical-physiology-and-functional-imaging,633996,0.064,,
289,clinical-radiology,633996,0.064,,
290,clinical-spine-surgery,633996,0.064,,
291,clio-medica,633996,0.064,,
292,cns-and-neurological-disorders-drug-targets,633996,0.064,,
293,cold-spring-harbor-laboratory-press,633996,0.064,,
294,collection-de-l-ecole-francaise-de-rome-full-note,633996,0.064,,
295,collection-de-l-ecole-francaise-de-rome-note,633996,0.064,,
296,collection-du-centre-jean-berard,633996,0.064,,
297,collections-electroniques-de-l-inha-author-date,633996,0.064,,
298,collections-electroniques-de-l-inha-full-note,633996,0.064,,
299,colombian-journal-of-anesthesiology,633996,0.064,,
300,colorado-state-university-school-of-biomedical-engineering,633996,0.064,,
301,comision-economica-para-america-latina-y-el-caribe,633996,0.064,,
302,comparative-population-studies,633996,0.064,,
303,conservation-biology,633996,0.064,,
304,conservation-letters,633996,0.064,,
305,conservation-physiology,633996,0.064,,
306,copeia,633996,0.064,,
307,copernicus-publications,633996,0.064,,
308,coral-reefs,633996,0.064,,
309,cornea,633996,0.064,,
310,corrosion,633996,0.064,,
311,council-of-science-editors-alphabetical,633996,0.064,,
312,council-of-science-editors-author-date,633996,0.064,,
313,council-of-science-editors,633996,0.064,,
314,cranfield-university-numeric,633996,0.064,,
315,creativity-and-innovation-management,633996,0.064,,
316,critical-care-medicine,633996,0.064,,
317,critical-reviews-in-plant-sciences,633996,0.064,,
318,crop-breeding-and-applied-biotechnology,633996,0.064,,
319,cuadernos-de-filologia-clasica,633996,0.064,,
320,cultivos-tropicales,633996,0.064,,
321,cultural-geographies,633996,0.064,,
322,cultural-studies-of-science-education,633996,0.064,,
323,culture-medicine-and-psychiatry,633996,0.064,,
324,current-alzheimer-research,633996,0.064,,
325,current-gene-therapy,633996,0.064,,
326,current-opinion,633996,0.064,,
327,current-pharmaceutical-design,633996,0.064,,
328,current-proteomics,633996,0.064,,
329,current-protocols,633996,0.064,,
330,current-science,633996,0.064,,
331,current-topics-in-medicinal-chemistry,633996,0.064,,
332,currents-in-biblical-research,633996,0.064,,
333,cyberpsychology-behavior-and-social-networking,633996,0.064,,
334,cybium,633996,0.064,,
335,cytometry,633996,0.064,,
336,data-science-journal,633996,0.064,,
337,database,633996,0.064,,
338,de-montfort-university-harvard,633996,0.064,,
339,decision-sciences,633996,0.064,,
340,demographic-research,633996,0.064,,
341,der-moderne-staat,633996,0.064,,
342,deutsche-gesellschaft-fur-psychologie,633996,0.064,,
343,deutsche-sprache,633996,0.064,,
344,deutsches-archaologisches-institut,633996,0.064,,
345,development-and-change,633996,0.064,,
346,development-policy-review,633996,0.064,,
347,developmental-neurobiology,633288,0.064,,
348,diagnostico-prenatal,633996,0.064,,
349,dialisis-y-trasplante,633996,0.064,,
350,diatom-research,633996,0.064,,
351,die-bachelorarbeit-samac-et-al-in-text,633996,0.064,,
352,die-bachelorarbeit-samac-et-al-note,633996,0.064,,
353,din-1505-2-alphanumeric,633996,0.064,,
354,din-1505-2-numeric-alphabetical,633985,0.064,,
355,din-1505-2-numeric,633985,0.064,,
356,din-1505-2,633985,0.064,,
357,diplo,633996,0.064,,
358,disability-and-rehabilitation,633996,0.064,,
359,discovery-medicine,633996,0.064,,
360,dna-research,633996,0.064,,
361,documents-d-archeologie-francaise,633996,0.064,,
362,donau-universitat-krems-department-fur-e-governance-in-wirthschaft-und-verwaltung,633996,0.064,,
363,drug-development-research,633996,0.064,,
364,drug-testing-and-analysis,633996,0.064,,
365,drugs-of-today,633996,0.064,,
366,ear-and-hearing,633996,0.064,,
367,early-christianity,633996,0.064,,
368,earthquake-engineering-and-structural-dynamics,633996,0.064,,
369,earthquake-spectra,633996,0.064,,
370,ecclesial-practices,633996,0.064,,
371,ecole-de-technologie-superieure-apa,633996,0.064,,
372,ecole-pratique-des-hautes-etudes-sciences-historiques-et-philologiques,633996,0.064,,
373,ecology-letters,633996,0.064,,
374,ecology-of-freshwater-fish,633996,0.064,,
375,econometrica,633996,0.064,,
376,economic-commission-for-latin-america-and-the-caribbean,633996,0.064,,
377,economic-geology,633996,0.064,,
378,economie-et-statistique,633996,0.064,,
379,ecoscience,633996,0.064,,
380,ecosistemas,633996,0.064,,
381,ecosystems,633996,0.064,,
382,edward-elgar-business-and-social-sciences,633996,0.064,,
383,egretta,633996,0.064,,
384,einaudi,633996,0.064,,
385,el-profesional-de-la-informacion,633996,0.064,,
386,elementa,633996,0.064,,
387,elife,633996,0.064,,
388,elsevier-harvard-without-titles,633996,0.064,,
389,elsevier-harvard,633996,0.064,,
390,elsevier-harvard2,633996,0.064,,
391,elsevier-vancouver-author-date,633996,0.064,,
392,elsevier-vancouver,633996,0.064,,
393,elsevier-with-titles-alphabetical,633996,0.064,,
394,elsevier-with-titles,633996,0.064,,
395,elsevier-without-titles,633996,0.064,,
396,embo-reports,633996,0.064,,
397,emerald-harvard,633996,0.064,,
398,emu-austral-ornithology,633996,0.064,,
399,endocrine-press,633996,0.064,,
400,endoscopia,633996,0.064,,
401,eneuro,633996,0.064,,
402,enfermeria-clinica,633996,0.064,,
403,enfermeria-intensiva,633996,0.064,,
404,engineering-in-life-sciences,633996,0.064,,
405,entomologia-experimentalis-et-applicata,633996,0.064,,
406,entomological-society-of-america,633996,0.064,,
407,environment-and-planning,633996,0.064,,
408,environmental-and-engineering-geoscience,633996,0.064,,
409,environmental-chemistry,633996,0.064,,
410,environmental-conservation,633996,0.064,,
411,environmental-health-perspectives,633996,0.064,,
412,environmental-microbiology,633996,0.064,,
413,environmental-toxicology-and-chemistry,633996,0.064,,
414,environmental-values,633996,0.064,,
415,environnement-risques-et-sante,633996,0.064,,
416,epidemiology-and-infection,633996,0.064,,
417,epilepsia,633996,0.064,,
418,equine-veterinary-education,633996,0.064,,
419,equine-veterinary-journal,633996,0.064,,
420,ergoscience,633996,0.064,,
421,escuela-nacional-de-antropologia-e-historia-author-date,633996,0.064,,
422,escuela-nacional-de-antropologia-e-historia-full-note,633996,0.064,,
423,escuela-nacional-de-antropologia-e-historia-short-note,633996,0.064,,
424,estudios-de-cultura-maya,633996,0.064,,
425,ethnobiology-and-conservation,633996,0.064,,
426,ethnologie-francaise,633996,0.064,,
427,ethnomusicology,633996,0.064,,
428,ets-ecole-de-technologie-superieure,633996,0.064,,
429,eurointervention,633996,0.064,,
430,europace,633996,0.064,,
431,european-cells-and-materials,633996,0.064,,
432,european-journal-for-philosophy-of-religion,633996,0.064,,
433,european-journal-of-clinical-microbiology-and-infectious-diseases,633996,0.064,,
434,european-journal-of-emergency-medicine,633996,0.064,,
435,european-journal-of-endocrinology,633996,0.064,,
436,european-journal-of-human-genetics,633996,0.064,,
437,european-journal-of-immunology,633996,0.064,,
438,european-journal-of-information-systems,633996,0.064,,
439,european-journal-of-international-law,633996,0.064,,
440,european-journal-of-microbiology-and-immunology,633996,0.064,,
441,european-journal-of-neuroscience,633996,0.064,,
442,european-journal-of-ophthalmology,633996,0.064,,
443,european-journal-of-paediatric-neurology,633996,0.064,,
444,european-journal-of-pain,633996,0.064,,
445,european-journal-of-political-research,633996,0.064,,
446,european-journal-of-public-health,633996,0.064,,
447,european-journal-of-soil-science,633996,0.064,,
448,european-journal-of-ultrasound,633996,0.064,,
449,european-journal-of-vascular-and-endovascular-surgery,633996,0.064,,
450,european-respiratory-journal,633996,0.064,,
451,european-society-of-cardiology,633996,0.064,,
452,european-union-interinstitutional-style-guide,633996,0.064,,
453,evidence-based-complementary-and-alternative-medicine,633996,0.064,,
454,evolution-and-development,633996,0.064,,
455,evolution,633996,0.064,,
456,evolutionary-anthropology,633996,0.064,,
457,evolutionary-ecology-research,633996,0.064,,
458,exercer,633996,0.064,,
459,experimental-dermatology,633996,0.064,,
460,eye,633996,0.064,,
461,fachhochschule-vorarlberg-author-date,633996,0.064,,
462,fachhochschule-vorarlberg-note,633996,0.064,,
463,facial-plastic-surgery-clinics-of-north-america,633996,0.064,,
464,family-business-review,633996,0.064,,
465,fatigue-and-fracture-of-engineering-materials-and-structures,633996,0.064,,
466,feminist-economics,633996,0.064,,
467,ferdinand-porsche-fern-fachhochschule,633996,0.064,,
468,fertility-and-sterility,633996,0.064,,
469,finanzarchiv,633996,0.064,,
470,fine-focus,633519,0.064,,
471,fish-and-fisheries,633996,0.064,,
472,fishery-bulletin,633996,0.064,,
473,flavour-and-fragrance-journal,633996,0.064,,
474,florida-entomologist,633996,0.064,,
475,foerster-geisteswissenschaft,629459,0.063,,
476,fold-and-r,633996,0.064,,
477,food-and-agriculture-organization-of-the-united-nations,633996,0.064,,
478,forensic-science-review,633996,0.064,,
479,forest-science,633996,0.064,,
480,forum-qualitative-social-research,633996,0.064,,
481,free-radical-research,633996,0.064,,
482,freie-universitat-berlin-geographische-wissenschaften,633996,0.064,,
483,french-politics,633996,0.064,,
484,french1,633996,0.064,,
485,french2,633996,0.064,,
486,french3,633996,0.064,,
487,french4,633996,0.064,,
488,freshwater-biology,633996,0.064,,
489,freshwater-crayfish,633996,0.064,,
490,friedrich-schiller-universitat-jena-medizinische-fakultat,633996,0.064,,
491,frontiers-in-ecology-and-the-environment,633996,0.064,,
492,frontiers-in-physics,633996,0.064,,
493,frontiers-medical-journals,633996,0.064,,
494,frontiers,633996,0.064,,
495,future-science-group,633996,0.064,,
496,g3,633996,0.064,,
497,gallia-prehistoire,633996,0.064,,
498,gallia,633996,0.064,,
499,gastroenterology,633996,0.064,,
500,gastrointestinal-endoscopy-clinics-of-north-america,633996,0.064,,
501,gastrointestinal-intervention,633996,0.064,,
502,geistes-und-kulturwissenschaften-heilmann,633996,0.064,,
503,genes-brain-and-behavior,633996,0.064,,
504,genes-to-cells,633996,0.064,,
505,genetics,633996,0.064,,
506,genome-biology-and-evolution,633996,0.064,,
507,genomics-and-informatics,633996,0.064,,
508,geoarchaeology,633996,0.064,,
509,geochemical-perspectives-letters,633996,0.064,,
510,geochimica-et-cosmochimica-acta,633996,0.064,,
511,geochronometria,633996,0.064,,
512,geografie-sbornik-cgs,633996,0.064,,
513,geological-magazine,633996,0.064,,
514,georg-august-universitat-gottingen-institut-fur-ethnologie-und-ethnologische-sammlung,633996,0.064,,
515,german-council-of-economic-experts,633996,0.064,,
516,gesellschaft-fur-popularmusikforschung,633996,0.064,,
517,global-ecology-and-biogeography,633996,0.064,,
518,glossa,633996,0.064,,
519,gost-r-7-0-5-2008-numeric-alphabetical,633996,0.064,,
521,gost-r-7-0-5-2008,633996,0.064,,
522,grasas-y-aceites,633996,0.064,,
523,haematologica,633985,0.064,,
524,hainan-medical-university-journal-publisher,633996,0.064,,
525,hamburg-school-of-food-science,633985,0.064,,
526,hand,633996,0.064,,
527,handbook-of-clinical-neurology,633996,0.064,,
528,harvard-anglia-ruskin-university,633996,0.064,,
529,harvard-bournemouth-university,633996,0.064,,
530,harvard-cape-peninsula-university-of-technology,633996,0.064,,
531,harvard-cardiff-university-biosi,633996,0.064,,
532,harvard-cardiff-university,633996,0.064,,
533,harvard-cite-them-right,633996,0.064,,
534,harvard-coventry-university,633996,0.064,,
535,harvard-cranfield-university,633996,0.064,,
536,harvard-deakin-university,633996,0.064,,
537,harvard-dublin-city-university,633996,0.064,,
538,harvard-dundalk-institute-of-technology,633996,0.064,,
539,harvard-durham-university-business-school,633996,0.064,,
540,harvard-edge-hill-university,633996,0.064,,
541,harvard-european-archaeology,633996,0.064,,
542,harvard-fachhochschule-salzburg,633996,0.064,,
543,harvard-falmouth-university,633996,0.064,,
544,harvard-gesellschaft-fur-bildung-und-forschung-in-europa,633996,0.064,,
545,harvard-imperial-college-london,633996,0.064,,
546,harvard-institut-fur-praxisforschung-de,633996,0.064,,
547,harvard-kings-college-london,633996,0.064,,
548,harvard-leeds-beckett-university,633996,0.064,,
549,harvard-leeds-metropolitan-university,633996,0.064,,
550,harvard-limerick,633996,0.064,,
551,harvard-london-south-bank-university,633996,0.064,,
552,harvard-manchester-business-school,633996,0.064,,
553,harvard-manchester-metropolitan-university,633996,0.064,,
554,harvard-melbourne-polytechnic,633996,0.064,,
555,harvard-newcastle-university,633996,0.064,,
556,harvard-north-west-university,633996,0.064,,
557,harvard-oxford-brookes-university-faculty-of-health-and-life-sciences,633996,0.064,,
558,harvard-pontificia-universidad-catolica-del-ecuador,633996,0.064,,
559,harvard-robert-gordon-university,633996,0.064,,
560,harvard-southampton-solent-university,633996,0.064,,
561,harvard-staffordshire-university,633996,0.064,,
562,harvard-stellenbosch-university,633996,0.064,,
563,harvard-swinburne-university-of-technology,633996,0.064,,
564,harvard-the-university-of-melbourne,633996,0.064,,
565,harvard-the-university-of-northampton,633996,0.064,,
566,harvard-the-university-of-sheffield-school-of-east-asian-studies,633996,0.064,,
567,harvard-the-university-of-sheffield-town-and-regional-planning,633996,0.064,,
568,harvard-theologisches-seminar-adelshofen,633996,0.064,,
569,harvard-universiti-teknologi-malaysia,633996,0.064,,
570,harvard-universiti-tunku-abdul-rahman,633996,0.064,,
571,harvard-university-for-the-creative-arts,633996,0.064,,
572,harvard-university-of-abertay-dundee,633996,0.064,,
573,harvard-university-of-bath,633996,0.064,,
574,harvard-university-of-birmingham,633996,0.064,,
575,harvard-university-of-brighton-school-of-environment-and-technology,633996,0.064,,
576,harvard-university-of-cape-town,633996,0.064,,
577,harvard-university-of-exeter-geography,633996,0.064,,
578,harvard-university-of-greenwich,633996,0.064,,
579,harvard-university-of-kent,633996,0.064,,
580,harvard-university-of-leeds,633996,0.064,,
581,harvard-university-of-sunderland,633996,0.064,,
582,harvard-university-of-technology-sydney,633996,0.064,,
583,harvard-university-of-the-west-of-england,633996,0.064,,
584,harvard-university-of-the-west-of-scotland,633996,0.064,,
585,harvard-university-of-westminster,633996,0.064,,
586,harvard-university-of-wolverhampton,633996,0.064,,
587,harvard-university-of-worcester,633996,0.064,,
588,harvard-york-st-john-university,633996,0.064,,
589,haute-ecole-de-gestion-de-geneve-iso-690,633996,0.064,,
590,haute-ecole-pedagogique-fribourg,633996,0.064,,
591,hawaii-international-conference-on-system-sciences-proceedings,633996,0.064,,
592,health-and-human-rights-journal,633996,0.064,,
593,health-and-social-care-in-the-community,633996,0.064,,
594,health-economics-policy-and-law,633996,0.064,,
595,health-economics,633996,0.064,,
596,health-education-research,633996,0.064,,
597,health-policy-and-planning,633996,0.064,,
598,health-reform-observer-observatoire-des-reformes-de-sante,633996,0.064,,
599,health-services-research,633996,0.064,,
600,heart-failure-clinics,633996,0.064,,
601,heart-rhythm,633996,0.064,,
602,heidelberg-university-faculty-of-medicine,633996,0.064,,
603,hematology-oncology-clinics-of-north-america,633996,0.064,,
604,hepatology,633996,0.064,,
605,heredity,633996,0.064,,
606,herpetologica,633996,0.064,,
607,high-altitude-medicine-and-biology,633996,0.064,,
608,hiob-ludolf-centre-for-ethiopian-studies-long-names,633996,0.064,,
609,hiob-ludolf-centre-for-ethiopian-studies-with-url-doi,633996,0.064,,
610,hiob-ludolf-centre-for-ethiopian-studies,633996,0.064,,
611,hipertension-y-riesgo-vascular,633996,0.064,,
612,histopathology,633996,0.064,,
613,historical-social-research,633996,0.064,,
614,history-australia,633996,0.064,,
615,history-of-the-human-sciences,633996,0.064,,
616,hochschule-munchen-fakultat-fur-angewandte-sozialwissenschaften,633996,0.064,,
617,hochschule-pforzheim-fakultat-fur-wirtschaft-und-recht,633996,0.064,,
618,hong-kong-journal-of-radiology,633996,0.064,,
619,human-brain-mapping,633996,0.064,,
620,human-gene-therapy,633996,0.064,,
621,human-mutation,632800,0.064,,
622,human-reproduction-update,633996,0.064,,
623,human-reproduction,633996,0.064,,
624,human-resource-management-journal,633996,0.064,,
625,human-wildlife-interactions,633996,0.064,,
626,humboldt-state-university-environmental-resources-engineering,633996,0.064,,
627,hydrobiologia,633996,0.064,,
628,hydrological-processes,633996,0.064,,
629,hydrological-sciences-journal,633996,0.064,,
630,hypertension-research,633996,0.064,,
631,hypotheses-in-the-life-sciences,633996,0.064,,
632,ib-tauris-note,633996,0.064,,
633,ices-journal-of-marine-science,633996,0.064,,
634,idojaras-quarterly-journal-of-the-hungarian-meteorological-service,633996,0.064,,
635,ie-comunicaciones,633996,0.064,,
636,ieee-magnetics-letters,633996,0.064,,
637,ieee-transactions-on-medical-imaging,633996,0.064,,
638,ieee-with-url,633996,0.064,,
639,ieee,633996,0.064,,
640,iforest,633996,0.064,,
641,igaku-toshokan,633996,0.064,,
642,iica-catie,633996,0.064,,
643,immunological-reviews,633996,0.064,,
644,indian-dermatology-online-journal,633996,0.064,,
645,indian-journal-of-medical-research,633996,0.064,,
646,indian-journal-of-physics,633996,0.064,,
647,indian-journal-of-traditional-knowledge,633996,0.064,,
648,indiana,633996,0.064,,
649,indoor-air,633996,0.064,,
650,infectio,633996,0.064,,
651,infectious-disease-clinics-of-north-america,633996,0.064,,
652,inflammatory-bowel-diseases,633996,0.064,,
653,influenza-and-other-respiratory-viruses,633996,0.064,,
654,information-systems-journal,633996,0.064,,
655,ingenieria-agricola,633996,0.064,,
656,institut-national-de-la-recherche-scientifique-sciences-sociales,633996,0.064,,
657,institut-national-de-sante-publique-du-quebec-napp,633996,0.064,,
658,institut-national-de-sante-publique-du-quebec-topo,633996,0.064,,
659,institut-teknologi-bandung-sekolah-pascasarjana,633996,0.064,,
660,institute-for-operations-research-and-the-management-sciences,633996,0.064,,
661,institute-of-mathematical-statistics,633996,0.064,,
662,institute-of-mathematics-and-its-applications,633996,0.064,,
663,institute-of-physics-harvard,633996,0.064,,
664,institute-of-physics-numeric,633996,0.064,,
665,instituto-de-pesquisas-tecnologicas,633996,0.064,,
666,instituto-superior-de-teologia-de-las-islas-canarias,633996,0.064,,
667,integrated-science-publishing-journals,633996,0.064,,
668,integrative-and-comparative-biology,633996,0.064,,
669,inter-research-science-center,633996,0.064,,
670,inter-ro,633996,0.064,,
671,interaction-design-and-architectures,633996,0.064,,
672,interdisziplinare-zeitschrift-fur-technologie-und-lernen,633996,0.064,,
673,international-atomic-energy-agency,633996,0.064,,
674,international-brazilian-journal-of-urology,633996,0.064,,
675,international-conference-on-information-systems-development,633996,0.064,,
676,international-development-policy,633996,0.064,,
677,international-energy-agency-organisation-for-economic-co-operation-and-development,633996,0.064,,
678,international-journal-for-numerical-methods-in-biomedical-engineering,633996,0.064,,
679,international-journal-of-audiology,633996,0.064,,
680,international-journal-of-cancer,633996,0.064,,
681,international-journal-of-circuit-theory-and-applications,633996,0.064,,
682,international-journal-of-climatology,633996,0.064,,
683,international-journal-of-electronic-commerce,633996,0.064,,
684,international-journal-of-epidemiology,633996,0.064,,
685,international-journal-of-exercise-science,633996,0.064,,
686,international-journal-of-geriatric-psychiatry,633996,0.064,,
687,international-journal-of-humanoid-robotics,633996,0.064,,
688,international-journal-of-language-and-communication-disorders,633996,0.064,,
689,international-journal-of-lexicography,633996,0.064,,
690,international-journal-of-management-reviews,633996,0.064,,
691,international-journal-of-nuclear-security,633996,0.064,,
692,international-journal-of-obstetric-anesthesia,633996,0.064,,
693,international-journal-of-occupational-medicine-and-environmental-health,633996,0.064,,
694,international-journal-of-oral-and-maxillofacial-surgery,633996,0.064,,
695,international-journal-of-plant-sciences,633996,0.064,,
696,international-journal-of-polymeric-materials-and-polymeric-biomaterials,632245,0.064,,
697,international-journal-of-quantum-chemistry,632245,0.064,,
698,international-journal-of-radiation-oncology-biology-physics,633996,0.064,,
699,international-journal-of-simulation-modelling,633996,0.064,,
700,international-journal-of-spatial-data-infrastructures-research,633519,0.064,,
701,international-journal-of-sports-medicine,633996,0.064,,
702,international-journal-of-urban-and-regional-research,633996,0.064,,
703,international-journal-of-wildland-fire,633996,0.064,,
704,international-labour-organization,633277,0.064,,
705,international-organization,633996,0.064,,
706,international-pig-veterinary-society-congress-proceedings,632243,0.064,,
707,international-studies-association,633996,0.064,,
708,international-union-of-crystallography,633996,0.064,,
709,invertebrate-biology,633996,0.064,,
710,investigative-radiology,633996,0.064,,
711,invisu,633996,0.064,,
712,ios-press-books,633996,0.064,,
713,iranian-journal-of-basic-medical-sciences,633996,0.064,,
714,iranian-journal-of-pharmaceutical-research,633996,0.064,,
715,isabella-stewart-gardner-museum,633996,0.064,,
716,isnad,633996,0.064,,
717,iso690-author-date-cs,633996,0.064,,
718,iso690-author-date-en,633996,0.064,,
719,iso690-author-date-es,633996,0.064,,
720,iso690-author-date-fr-no-abstract,633996,0.064,,
721,iso690-author-date-fr,633996,0.064,,
722,iso690-author-date-sk,633996,0.064,,
723,iso690-full-note-sk,567449,0.057,,
725,iso690-note-fr,633996,0.064,,
726,iso690-numeric-brackets-cs,633996,0.064,,
727,iso690-numeric-cs,633996,0.064,,
728,iso690-numeric-en,633996,0.064,,
729,iso690-numeric-fr,633996,0.064,,
730,iso690-numeric-lt,633996,0.064,,
731,iso690-numeric-sk,633996,0.064,,
732,israel-medical-association-journal,633996,0.064,,
733,italian-journal-of-agronomy,633996,0.064,,
734,ius-ecclesiae,633996,0.064,,
735,jacc-cardiovascular-imaging,633996,0.064,,
736,jacc-cardiovascular-interventions,633996,0.064,,
737,jahrbuch-der-osterreichischen-byzantinischen-gesellschaft,633519,0.064,,
738,jahrbuch-fur-evangelikale-theologie,633996,0.064,,
739,javnost-the-public,633996,0.064,,
740,journal-for-veterinary-medicine-biotechnology-and-biosafety,633996,0.064,,
741,journal-of-adolescent-health,633996,0.064,,
742,journal-of-aerosol-medicine-and-pulmonary-drug-delivery,633996,0.064,,
743,journal-of-agricultural-and-applied-economics,633996,0.064,,
744,journal-of-alzheimers-disease,633996,0.064,,
745,journal-of-analytical-toxicology,633996,0.064,,
746,journal-of-animal-physiology-and-animal-nutrition,633996,0.064,,
747,journal-of-animal-science,633996,0.064,,
748,journal-of-antimicrobial-chemotherapy,633996,0.064,,
749,journal-of-applied-animal-science,633996,0.064,,
750,journal-of-applied-clinical-medical-physics,633996,0.064,,
751,journal-of-applied-entomology,633996,0.064,,
752,journal-of-applied-pharmaceutical-research,633996,0.064,,
753,journal-of-applied-polymer-science,633996,0.064,,
754,journal-of-archaeological-research,633996,0.064,,
755,journal-of-atrial-fibrillation,633996,0.064,,
756,journal-of-australian-strength-and-conditioning,633288,0.064,,
757,journal-of-avian-biology,633996,0.064,,
758,journal-of-basic-microbiology,633996,0.064,,
759,journal-of-biogeography,633996,0.064,,
760,journal-of-biological-chemistry,633996,0.064,,
761,journal-of-biological-regulators-and-homeostatic-agents,633996,0.064,,
762,journal-of-biomedical-materials-research-part-a,633996,0.064,,
763,journal-of-bone-and-mineral-research,633996,0.064,,
764,journal-of-brachial-plexus-and-peripheral-nerve-injury,633996,0.064,,
765,journal-of-burn-care-and-research,633996,0.064,,
766,journal-of-business-logistics,633996,0.064,,
767,journal-of-cachexia-sarcopenia-and-muscle,633996,0.064,,
768,journal-of-cardiothoracic-and-vascular-anesthesia,633996,0.064,,
769,journal-of-cellular-and-molecular-medicine,633996,0.064,,
770,journal-of-cellular-biochemistry,633288,0.064,,
771,journal-of-chemistry-and-chemical-engineering,633996,0.064,,
772,journal-of-chemometrics,633996,0.064,,
773,journal-of-child-and-adolescent-psychopharmacology,633996,0.064,,
774,journal-of-clinical-neurophysiology,633996,0.064,,
775,journal-of-clinical-oncology,633996,0.064,,
776,journal-of-clinical-rheumatology,633996,0.064,,
777,journal-of-clinical-sleep-medicine,633996,0.064,,
778,journal-of-combinatorics,633996,0.064,,
779,journal-of-common-market-studies,633996,0.064,,
780,journal-of-comparative-pathology,633996,0.064,,
781,journal-of-computational-chemistry,633996,0.064,,
782,journal-of-computer-applications-in-archaeology,633996,0.064,,
783,journal-of-computer-information-systems,633996,0.064,,
784,journal-of-consumer-research,633996,0.064,,
785,journal-of-crohns-and-colitis-supplements,633996,0.064,,
786,journal-of-crohns-and-colitis,633996,0.064,,
787,journal-of-dairy-science,633996,0.064,,
788,journal-of-elections-public-opinion-and-parties,633996,0.064,,
789,journal-of-endodontics,633996,0.064,,
790,journal-of-environmental-science-and-health-part-b,633996,0.064,,
791,journal-of-european-public-policy,633996,0.064,,
792,journal-of-evolution-and-health,633996,0.064,,
793,journal-of-evolutionary-biology,633996,0.064,,
794,journal-of-experimental-botany,633996,0.064,,
795,journal-of-field-ornithology,633996,0.064,,
796,journal-of-finance,633996,0.064,,
797,journal-of-fish-biology,633996,0.064,,
798,journal-of-fish-diseases,633996,0.064,,
799,journal-of-food-protection,633996,0.064,,
800,journal-of-forensic-sciences,633996,0.064,,
801,journal-of-geriatric-psychiatry-and-neurology,633996,0.064,,
802,journal-of-glaciology,633996,0.064,,
803,journal-of-hearing-science,633996,0.064,,
804,journal-of-historical-linguistics,633996,0.064,,
805,journal-of-human-evolution,633996,0.064,,
806,journal-of-hypertension,633996,0.064,,
807,journal-of-industrial-and-engineering-chemistry,633996,0.064,,
808,journal-of-industrial-ecology,633996,0.064,,
809,journal-of-infection,633996,0.064,,
810,journal-of-infectious-diseases,633996,0.064,,
811,journal-of-information-technology,633996,0.064,,
812,journal-of-institutional-and-theoretical-economics,633996,0.064,,
813,journal-of-integrated-omics,633996,0.064,,
814,journal-of-interactive-marketing,633996,0.064,,
815,journal-of-internal-medicine,633996,0.064,,
816,journal-of-international-business-studies,633996,0.064,,
817,journal-of-international-economic-law,633996,0.064,,
818,journal-of-international-relations-and-development,633996,0.064,,
819,journal-of-investigative-dermatology,633996,0.064,,
820,journal-of-jewish-studies,633996,0.064,,
821,journal-of-korean-neurosurgical-society,633996,0.064,,
822,journal-of-limnology,633288,0.064,,
823,journal-of-linguistics,633996,0.064,,
824,journal-of-lipid-research,633996,0.064,,
825,journal-of-magnetic-resonance-imaging,633996,0.064,,
826,journal-of-mammalogy,633996,0.064,,
827,journal-of-management-information-systems,633996,0.064,,
828,journal-of-management-studies,633996,0.064,,
829,journal-of-management,633996,0.064,,
830,journal-of-materials-research,633996,0.064,,
831,journal-of-mechanical-science-and-technology,633996,0.064,,
832,journal-of-medical-genetics,633996,0.064,,
833,journal-of-medical-internet-research,633996,0.064,,
834,journal-of-minimally-invasive-gynecology,633996,0.064,,
835,journal-of-molecular-cell-biology,633996,0.064,,
836,journal-of-molecular-recognition,633996,0.064,,
837,journal-of-molecular-signaling,633996,0.064,,
838,journal-of-music-technology-and-education,633996,0.064,,
839,journal-of-nanoscience-and-nanotechnology,633988,0.064,,
840,journal-of-natural-history,633996,0.064,,
841,journal-of-neolithic-archaeology,633996,0.064,,
842,journal-of-neurochemistry,633996,0.064,,
843,journal-of-neurological-disorders,633996,0.064,,
844,journal-of-neurophysiology,633996,0.064,,
845,journal-of-neuroscience-and-neuroengineering,633988,0.064,,
846,journal-of-neurosurgery,633996,0.064,,
847,journal-of-neurotrauma,633996,0.064,,
848,journal-of-nutrition,633996,0.064,,
849,journal-of-oral-and-maxillofacial-surgery,633996,0.064,,
850,journal-of-orthopaedic-research,633996,0.064,,
851,journal-of-orthopaedic-trauma,633996,0.064,,
852,journal-of-orthopaedics-trauma-and-rehabilitation,633996,0.064,,
853,journal-of-paleontology,633996,0.064,,
854,journal-of-peace-research,633996,0.064,,
855,journal-of-peptide-science,633996,0.064,,
856,journal-of-perinatal-medicine,633996,0.064,,
857,journal-of-periodontal-research,633996,0.064,,
858,journal-of-petrology,633996,0.064,,
859,journal-of-pharmacy-and-pharmacology,633996,0.064,,
860,journal-of-phycology,633996,0.064,,
861,journal-of-physical-therapy-science,633996,0.064,,
862,journal-of-plant-ecology,633996,0.064,,
863,journal-of-plant-nutrition-and-soil-science,633996,0.064,,
864,journal-of-pollination-ecology,633996,0.064,,
865,journal-of-polymer-science-part-a-polymer-chemistry,632245,0.064,,
866,journal-of-porphyrins-and-phthalocyanines,633996,0.064,,
867,journal-of-product-innovation-management,633996,0.064,,
868,journal-of-psychiatric-and-mental-health-nursing,633996,0.064,,
869,journal-of-psychiatry-and-neuroscience,633996,0.064,,
870,journal-of-raman-spectroscopy,632245,0.064,,
871,journal-of-reconstructive-microsurgery,633996,0.064,,
872,journal-of-retailing,633996,0.064,,
873,journal-of-rheumatology,633996,0.064,,
874,journal-of-roman-archaeology-a,633996,0.064,,
875,journal-of-roman-archaeology-b,633996,0.064,,
876,journal-of-science-and-medicine-in-sport,633996,0.064,,
877,journal-of-separation-science,633996,0.064,,
878,journal-of-shoulder-and-elbow-surgery,633996,0.064,,
879,journal-of-simulation,633996,0.064,,
880,journal-of-sleep-research,633996,0.064,,
881,journal-of-social-philosophy,633996,0.064,,
882,journal-of-sport-and-health-science,633996,0.064,,
883,journal-of-strength-and-conditioning-research,633996,0.064,,
884,journal-of-structural-geology,633996,0.064,,
885,journal-of-studies-on-alcohol-and-drugs,633996,0.064,,
886,journal-of-surgery-and-medicine,633996,0.064,,
887,journal-of-systematic-palaeontology,633996,0.064,,
888,journal-of-the-air-and-waste-management-association,633996,0.064,,
889,journal-of-the-american-academy-of-audiology,633996,0.064,,
890,journal-of-the-american-academy-of-orthopaedic-surgeons,633996,0.064,,
891,journal-of-the-american-association-of-laboratory-animal-science,633996,0.064,,
892,journal-of-the-american-ceramic-society,633996,0.064,,
893,journal-of-the-american-college-of-cardiology,633996,0.064,,
894,journal-of-the-american-college-of-surgeons,633996,0.064,,
895,journal-of-the-american-heart-association,633996,0.064,,
896,journal-of-the-american-society-of-brewing-chemists,633527,0.064,,
897,journal-of-the-american-society-of-nephrology,633996,0.064,,
898,journal-of-the-american-water-resources-association,633996,0.064,,
899,journal-of-the-association-for-information-systems,633996,0.064,,
900,journal-of-the-association-of-environmental-and-resource-economists,633996,0.064,,
901,journal-of-the-brazilian-chemical-society,633996,0.064,,
902,journal-of-the-electrochemical-society,633996,0.064,,
903,journal-of-the-korean-society-of-civil-engineers,633996,0.064,,
904,journal-of-the-marine-biological-association-of-the-united-kingdom,633996,0.064,,
905,journal-of-the-royal-anthropological-institute,633996,0.064,,
906,journal-of-the-south-african-veterinary-association,633996,0.064,,
907,journal-of-thermal-spray-technology,633996,0.064,,
908,journal-of-thrombosis-and-haemostasis,633996,0.064,,
909,journal-of-tropical-ecology,633996,0.064,,
910,journal-of-tropical-life-science,633996,0.064,,
911,journal-of-universal-computer-science,633996,0.064,,
912,journal-of-urban-and-environmental-engineering,633996,0.064,,
913,journal-of-vegetation-science,633996,0.064,,
914,journal-of-vertebrate-paleontology,633996,0.064,,
915,journal-of-veterinary-diagnostic-investigation,633996,0.064,,
916,journal-of-visualized-experiments,633996,0.064,,
917,journal-of-water-sanitation-and-hygiene-for-development,633996,0.064,,
918,journal-of-zoo-and-wildlife-medicine,633996,0.064,,
919,journal-of-zoo-biology,633996,0.064,,
920,journal-of-zoology,633996,0.064,,
921,journal-on-efficiency-and-responsibility-in-education-and-science,633996,0.064,,
922,juristische-zitierweise-schweizer,633996,0.064,,
923,juristische-zitierweise,633996,0.064,,
924,jurnal-pangan-dan-agroindustri,633996,0.064,,
925,karger-journals-author-date,633996,0.064,,
926,karger-journals,633996,0.064,,
927,kidney-international,633996,0.064,,
928,kidney-research-and-clinical-practice,633996,0.064,,
929,kindheit-und-entwicklung,633996,0.064,,
930,knee-surgery-sports-traumatology-arthroscopy,633996,0.064,,
931,kolner-zeitschrift-fur-soziologie-und-sozialpsychologie,633996,0.064,,
932,korean-journal-of-anesthesiology,633996,0.064,,
933,kritische-ausgabe,633996,0.064,,
934,ksce-journal-of-civil-engineering,633996,0.064,,
935,kth-royal-institute-of-technology-school-of-computer-science-and-communication-sv,633996,0.064,,
936,kth-royal-institute-of-technology-school-of-computer-science-and-communication,633996,0.064,,
937,l-homme,633996,0.064,,
938,land-degradation-and-development,633996,0.064,,
939,landes-bioscience-journals,633996,0.064,,
940,language-in-society,633996,0.064,,
941,language,633996,0.064,,
942,lannee-sociologique,633996,0.064,,
943,laser-and-photonics-reviews,633996,0.064,,
944,latin-american-perspectives,633996,0.064,,
945,latin-american-research-review,633996,0.064,,
946,law-and-society-review,633996,0.064,,
947,lcgc,633996,0.064,,
948,leidraad-voor-juridische-auteurs,633996,0.064,,
949,les-journees-de-la-recherche-avicole,633996,0.064,,
950,les-journees-de-la-recherche-porcine,633996,0.064,,
951,lethaia,633996,0.064,,
952,letters-in-applied-microbiology,633996,0.064,,
953,lettres-et-sciences-humaines-fr,633996,0.064,,
954,leviathan,633996,0.064,,
955,limnetica,633996,0.064,,
956,limnology-and-oceanography,633996,0.064,,
957,liver-international,633996,0.064,,
958,lluelles-no-ibid,633996,0.064,,
959,lluelles,633996,0.064,,
960,london-metropolitan-university-harvard,633996,0.064,,
961,london-south-bank-university-numeric,633996,0.064,,
962,lund-university-school-of-economics-and-management,633996,0.064,,
963,macromolecular-reaction-engineering,633996,0.064,,
964,magnetic-resonance-in-medicine,633996,0.064,,
965,maison-de-l-orient-et-de-la-mediterranee,633996,0.064,,
966,mammal-review,633996,0.064,,
967,management-et-avenir,633996,0.064,,
968,management-international,633996,0.064,,
969,mastozoologia-neotropical,633996,0.064,,
970,mathematics-and-computers-in-simulation,633996,0.064,,
971,mcdonald-institute-monographs,633996,0.064,,
972,mcgill-en,633996,0.064,,
973,mcgill-fr,633996,0.064,,
974,medecine-sciences,633996,0.064,,
975,media-culture-and-society,633996,0.064,,
976,medical-dosimetry,633996,0.064,,
977,medical-physics,633996,0.064,,
978,medicina-clinica,633996,0.064,,
979,medicinal-research-reviews,633985,0.064,,
980,medicine-and-science-in-sports-and-exercise,633996,0.064,,
981,mediterranean-journal-of-infection-microbes-and-antimicrobials,633996,0.064,,
982,mediterranean-politics,633996,0.064,,
983,melbourne-school-of-theology,633996,0.064,,
984,memorias-do-instituto-oswaldo-cruz,633996,0.064,,
985,metallurgical-and-materials-transactions-a,632245,0.064,,
986,metallurgical-and-materials-transactions,633996,0.064,,
987,meteoritics-and-planetary-science,633996,0.064,,
988,meteorological-applications,633996,0.064,,
989,methods-in-ecology-and-evolution,633996,0.064,,
990,methods-of-information-in-medicine,633996,0.064,,
991,microbial-drug-resistance,633996,0.064,,
992,microbiology-society,633996,0.064,,
993,microscopy-and-microanalysis,633996,0.064,,
994,mimesis-edizioni,633996,0.064,,
995,mind-and-language,633996,0.064,,
996,mineralogical-magazine,633996,0.064,,
997,mis-quarterly,633996,0.064,,
998,modern-humanities-research-association-author-date,633996,0.064,,
999,modern-humanities-research-association,633996,0.064,,
1000,modern-language-association-6th-edition-note,633996,0.064,,
1001,modern-language-association-7th-edition-underline,633996,0.064,,
1002,modern-language-association-7th-edition-with-url,633996,0.064,,
1003,modern-language-association-7th-edition,633996,0.064,,
1004,modern-language-association,633996,0.064,,
1005,modern-pathology,633996,0.064,,
1006,modern-phytomorphology,633996,0.064,,
1007,molecular-and-cellular-proteomics,633996,0.064,,
1008,molecular-biology-and-evolution,633996,0.064,,
1009,molecular-biology-of-the-cell,633996,0.064,,
1010,molecular-metabolism,633996,0.064,,
1011,molecular-microbiology,633996,0.064,,
1012,molecular-oncology,633996,0.064,,
1013,molecular-plant-microbe-interactions,633996,0.064,,
1014,molecular-plant-pathology,633996,0.064,,
1015,molecular-plant,633996,0.064,,
1016,molecular-psychiatry-letters,633996,0.064,,
1017,molecular-therapy,633996,0.064,,
1018,monash-university-harvard,633996,0.064,,
1019,mondes-en-developpement,633996,0.064,,
1020,moore-theological-college,633996,0.064,,
1021,moorlands-college,633996,0.064,,
1022,multidisciplinary-digital-publishing-institute,633996,0.064,,
1023,multiple-sclerosis-journal,633996,0.064,,
1024,music-theory-spectrum,633996,0.064,,
1025,mutagenesis,633996,0.064,,
1026,mycologia,633996,0.064,,
1027,myrmecological-news,633996,0.064,,
1028,nano-biomedicine-and-engineering,633996,0.064,,
1029,national-archives-of-australia,633509,0.064,,
1030,national-institute-of-health-research,633996,0.064,,
1031,national-institute-of-technology-karnataka,633996,0.064,,
1032,national-library-of-medicine-grant-proposals,633996,0.064,,
1033,national-natural-science-foundation-of-china,633996,0.064,,
1034,national-science-foundation-grant-proposals,633996,0.064,,
1035,national-university-of-singapore-department-of-geography-harvard,633996,0.064,,
1036,natur-und-landschaft,633996,0.064,,
1037,nature-neuroscience-brief-communications,633996,0.064,,
1038,nature-no-et-al,633996,0.064,,
1039,nature-no-superscript,633996,0.064,,
1040,nature-publishing-group-vancouver,633996,0.064,,
1041,nature,633996,0.064,,
1042,natures-sciences-societes,633996,0.064,,
1043,navigation,633996,0.064,,
1044,nccr-mediality,633996,0.064,,
1045,nehet,633996,0.064,,
1046,nephrology-dialysis-transplantation,633996,0.064,,
1047,neural-plasticity,633996,0.064,,
1048,neuroendocrinology-letters,633996,0.064,,
1049,neuroimaging-clinics-of-north-america,633996,0.064,,
1050,neurologia-argentina,633996,0.064,,
1051,neurologia,633996,0.064,,
1052,neurology-india,633996,0.064,,
1053,neurology,633996,0.064,,
1054,neurorehabilitation-and-neural-repair,633996,0.064,,
1055,neuroreport,633996,0.064,,
1056,neurosurgery-clinics-of-north-america,633996,0.064,,
1057,new-harts-rules-the-oxford-style-guide,633996,0.064,,
1058,new-phytologist,633996,0.064,,
1059,new-solutions,633996,0.064,,
1060,new-testament-studies,633996,0.064,,
1061,new-zealand-dental-journal,633996,0.064,,
1062,new-zealand-plant-protection,633996,0.064,,
1063,new-zealand-veterinary-journal,633996,0.064,,
1064,nordic-pulp-and-paper-research-journal,633996,0.064,,
1065,norma-portuguesa-405,633996,0.064,,
1066,northeastern-naturalist,633996,0.064,,
1067,nottingham-trent-university-library-harvard,633996,0.064,,
1068,nowa-audiofonologia,633996,0.064,,
1069,nuclear-receptor-signaling,633996,0.064,,
1070,nucleic-acids-research-web-server-issue,633996,0.064,,
1071,nucleic-acids-research,633996,0.064,,
1072,obafemi-awolowo-university-faculty-of-technology,633996,0.064,,
1073,obesity,633996,0.064,,
1074,obstetrics-and-gynecology-science,633996,0.064,,
1075,occupational-medicine,633996,0.064,,
1076,oceanography,633996,0.064,,
1077,oecologia-australis,633996,0.064,,
1078,oikos,633996,0.064,,
1079,oncoimmunology,633996,0.064,,
1080,oncotarget,633996,0.064,,
1081,onderstepoort-journal-of-veterinary-research,633996,0.064,,
1082,ophthalmology-retina,633996,0.064,,
1083,ophthalmology,633996,0.064,,
1084,optics-express,633996,0.064,,
1085,optometry-and-vision-science,633996,0.064,,
1086,oral-diseases,633996,0.064,,
1087,organic-geochemistry,633996,0.064,,
1088,ornitologia-neotropical,633996,0.064,,
1089,orthopedic-clinics-of-north-america,633996,0.064,,
1090,oryx,633996,0.064,,
1091,oscola-no-ibid,633996,0.064,,
1092,oscola,633996,0.064,,
1093,osterreichische-zeitschrift-fur-politikwissenschaft,633996,0.064,,
1094,otto-von-guricke-universitat-magdeburg-medizinische-fakultat-numeric,633996,0.064,,
1095,owbarth-verlag,633985,0.064,,
1096,oxford-centre-for-mission-studies-harvard,633996,0.064,,
1097,oxford-studies-in-ancient-philosophy,633996,0.064,,
1098,oxford-studies-on-the-roman-economy,633996,0.064,,
1099,oxford-the-university-of-new-south-wales,633996,0.064,,
1100,oxford-university-press-humsoc,633996,0.064,,
1101,oxford-university-press-scimed-author-date,633996,0.064,,
1102,oxford-university-press-scimed-numeric,633996,0.064,,
1103,oxidation-of-metals,633996,0.064,,
1104,padagogische-hochschule-fachhochschule-nordwestschweiz,633996,0.064,,
1105,padagogische-hochschule-heidelberg,633996,0.064,,
1106,padagogische-hochschule-vorarlberg,633996,0.064,,
1107,paediatric-and-perinatal-epidemiology,633996,0.064,,
1108,pain,633996,0.064,,
1109,pakistani-veterinary-journal,633996,0.064,,
1110,palaeontographica-abteilung-b-palaeobotany-palaeophytology,633996,0.064,,
1111,palaeontologia-electronica,633996,0.064,,
1112,palaeontology,633996,0.064,,
1113,palaeovertebrata,633996,0.064,,
1114,palaios,633996,0.064,,
1115,paleobiology,633996,0.064,,
1116,parasitology,633996,0.064,,
1117,pediatric-allergy-and-immunology,633996,0.064,,
1118,pediatric-anesthesia,633996,0.064,,
1119,pediatric-blood-and-cancer,633996,0.064,,
1120,pediatric-physical-therapy,633996,0.064,,
1121,pediatric-research,633996,0.064,,
1122,peerj,633996,0.064,,
1123,periodicum-biologorum,633996,0.064,,
1124,periodontology-2000,633996,0.064,,
1125,permafrost-and-periglacial-processes,633996,0.064,,
1126,perspectives-on-politics,633996,0.064,,
1127,perspectives-on-sexual-and-reproductive-health,633996,0.064,,
1128,pest-management-science,633996,0.064,,
1129,petit-chicago-author-date,633996,0.064,,
1130,pharmacoepidemiology-and-drug-safety,633996,0.064,,
1131,philippika,633996,0.064,,
1132,philipps-universitat-marburg-note,633996,0.064,,
1133,philosophia-scientiae,633996,0.064,,
1134,phycological-research,633996,0.064,,
1135,phyllomedusa,633996,0.064,,
1136,physiological-and-biochemical-zoology,633996,0.064,,
1137,planning-practice-and-research,633996,0.064,,
1138,plant-and-cell-physiology,633996,0.064,,
1139,plant-biology,633996,0.064,,
1140,plant-biotechnology-journal,633996,0.064,,
1141,plant-cell-and-environment,633996,0.064,,
1142,plant-pathology,633996,0.064,,
1143,plos,633996,0.064,,
1144,pnas,633996,0.064,,
1145,podzemna-voda,633996,0.064,,
1146,polish-legal,633996,0.064,,
1147,political-studies,633996,0.064,,
1148,politische-vierteljahresschrift,633996,0.064,,
1149,polymer-reviews,633996,0.064,,
1150,pontifical-athenaeum-regina-apostolorum,633996,0.064,,
1151,pontifical-biblical-institute,633519,0.064,,
1152,pontifical-gregorian-university,633522,0.064,,
1153,population-space-and-place,633996,0.064,,
1154,population,633996,0.064,,
1155,poultry-science,633996,0.064,,
1156,prehospital-emergency-care,633996,0.064,,
1157,preslia,633996,0.064,,
1158,primary-care-clinics-in-office-practice,633996,0.064,,
1159,proceedings-of-the-royal-society-b,633996,0.064,,
1160,proinflow,633996,0.064,,
1161,protein-engineering-design-and-selection,633996,0.064,,
1162,protein-science,633996,0.064,,
1163,proteomics,633996,0.064,,
1164,psychiatric-clinics-of-north-america,633996,0.064,,
1165,psychiatric-services,633996,0.064,,
1166,psychiatry-and-clinical-neurosciences,633996,0.064,,
1167,psychosomatic-medicine,633996,0.064,,
1168,psychosomatics,633996,0.064,,
1169,public-health-nutrition,633996,0.064,,
1170,quaderni-degli-avogadro-colloquia,632243,0.064,,
1171,quaderni-materialisti,633996,0.064,,
1172,quaternary-international,633996,0.064,,
1173,r-and-d-management,633996,0.064,,
1174,radiochimica-acta,633996,0.064,,
1175,radiographics,633996,0.064,,
1176,radiography,633996,0.064,,
1177,radiologic-clinics-of-north-america,633996,0.064,,
1178,radiology,633996,0.064,,
1179,radiopaedia,633996,0.064,,
1180,raffles-bulletin-of-zoology,633996,0.064,,
1181,rapid-communications-in-mass-spectrometry,633996,0.064,,
1182,recent-patents-on-drug-delivery-and-formulation,633996,0.064,,
1183,recherches-en-sciences-de-gestion,633985,0.064,,
1184,religion-in-the-roman-empire,633996,0.064,,
1185,renewable-agriculture-and-food-systems,633996,0.064,,
1186,reports-of-practical-oncology-and-radiotherapy,633996,0.064,,
1187,reproduction-fertility-and-development,633996,0.064,,
1188,reproduction-in-domestic-animals,633996,0.064,,
1189,research-on-biomedical-engineering,633996,0.064,,
1190,resuscitation,633996,0.064,,
1191,reviews-of-modern-physics-with-titles,633996,0.064,,
1192,revista-argentina-de-antropologia-biologica,633996,0.064,,
1193,revista-brasileira-de-ciencia-do-solo,633996,0.064,,
1194,revista-chilena-de-derecho-y-tecnologia,633996,0.064,,
1195,revista-ciencias-tecnicas-agropecuarias,633996,0.064,,
1196,revista-da-sociedade-brasileira-de-medicina-tropical,633996,0.064,,
1197,revista-de-biologia-tropical,633996,0.064,,
1198,revista-de-filologia-espanola,633996,0.064,,
1199,revista-fave-seccion-ciencias-agrarias,633996,0.064,,
1200,revista-latinoamericana-de-metalurgia-y-materiales,633996,0.064,,
1201,revista-latinoamericana-de-recursos-naturales,633996,0.064,,
1202,revista-noesis,633996,0.064,,
1203,revista-portuguesa-de-arqueologia,633996,0.064,,
1204,revista-virtual-de-quimica,633996,0.064,,
1205,revue-archeologique-du-centre-de-la-france,633996,0.064,,
1206,revue-archeologique,633996,0.064,,
1207,revue-d-elevage-et-de-medecine-veterinaire-des-pays-tropicaux,633996,0.064,,
1208,revue-de-medecine-veterinaire,633996,0.064,,
1209,revue-de-qumran,633996,0.064,,
1210,revue-des-nouvelles-technologies-de-l-information,633996,0.064,,
1211,revue-europeenne-des-migrations-internationales,633996,0.064,,
1212,revue-francaise-de-sociologie,633996,0.064,,
1213,risk-analysis,633996,0.064,,
1214,rofo,633996,0.064,,
1215,romanian-humanities,633996,0.064,,
1216,rose-school,633996,0.064,,
1217,royal-society-of-chemistry-with-titles,632245,0.064,,
1218,royal-society-of-chemistry,632245,0.064,,
1219,sage-harvard,633996,0.064,,
1220,sage-vancouver-brackets,633996,0.064,,
1221,sage-vancouver,633996,0.064,,
1222,scandinavian-journal-of-infectious-diseases,633996,0.064,,
1223,scandinavian-journal-of-medicine-and-science-in-sports,633996,0.064,,
1224,scandinavian-journal-of-rheumatology,633996,0.064,,
1225,scandinavian-journal-of-work-environment-and-health,633996,0.064,,
1226,science-and-technology-for-the-built-environment,633996,0.064,,
1227,science-china-life-sciences,633996,0.064,,
1228,science-translational-medicine,633996,0.064,,
1229,science-without-titles,633996,0.064,,
1230,science,633996,0.064,,
1231,scienceasia,633996,0.064,,
1232,scientia-agriculturae-bohemica,633996,0.064,,
1233,scientific-review-engineering-and-environmental-sciences,633996,0.064,,
1234,scrinium,633996,0.064,,
1235,seed-science-research,633996,0.064,,
1236,seminaire-saint-sulpice-ecole-theologie,633996,0.064,,
1237,seminars-in-pediatric-neurology,633996,0.064,,
1238,service-medical-de-l-assurance-maladie,633996,0.064,,
1239,sexual-development,633996,0.064,,
1240,sexual-health,633996,0.064,,
1241,sheffield-hallam-university-history,633996,0.064,,
1242,sist02,633996,0.064,,
1243,small,633996,0.064,,
1244,smithsonian-institution-scholarly-press-author-date,633996,0.064,,
1245,smithsonian-institution-scholarly-press-botany,633996,0.064,,
1246,smithsonian-institution-scholarly-press-note,633996,0.064,,
1247,social-cognitive-and-affective-neuroscience,633996,0.064,,
1248,sociedade-brasileira-de-computacao,633996,0.064,,
1249,societe-nationale-des-groupements-techniques-veterinaires,633996,0.064,,
1250,society-for-american-archaeology,633996,0.064,,
1251,society-for-historical-archaeology,633996,0.064,,
1252,society-for-laboratory-automation-and-screening,633996,0.064,,
1253,society-of-automotive-engineers-technical-papers-numeric,633996,0.064,,
1254,society-of-biblical-literature-fullnote-bibliography,633996,0.064,,
1255,socio-economic-review,633996,0.064,,
1256,sociology-of-health-and-illness,633996,0.064,,
1257,sodertorns-hogskola-harvard-ibid,633996,0.064,,
1258,sodertorns-hogskola-harvard,633996,0.064,,
1259,soil-biology-and-biochemistry,633996,0.064,,
1260,soil-science-and-plant-nutrition,633996,0.064,,
1261,solutions,633996,0.064,,
1262,south-african-journal-of-animal-science,633996,0.064,,
1263,south-african-journal-of-enology-and-viticulture,633996,0.064,,
1264,south-african-journal-of-geology,633996,0.064,,
1265,south-african-theological-seminary,633996,0.064,,
1266,soziale-welt,633996,0.064,,
1267,sozialpadagogisches-institut-berlin-walter-may,633996,0.064,,
1268,sozialwissenschaften-heilmann,633996,0.064,,
1269,soziologie,633996,0.064,,
1270,spandidos-publications,633996,0.064,,
1271,spectroscopy-letters,633996,0.064,,
1272,spine,633996,0.064,,
1273,spip-cite,633996,0.064,,
1274,springer-fachzeitschriften-medizin-psychologie,633996,0.064,,
1275,springer-humanities-author-date,633996,0.064,,
1276,springer-humanities-brackets,633996,0.064,,
1277,springer-lecture-notes-in-computer-science-alphabetical,633996,0.064,,
1278,springer-lecture-notes-in-computer-science,633996,0.064,,
1279,springer-mathphys-author-date,633996,0.064,,
1280,springer-mathphys-brackets,633996,0.064,,
1281,springer-physics-author-date,633996,0.064,,
1282,springer-physics-brackets,633996,0.064,,
1283,springer-socpsych-author-date,633996,0.064,,
1284,springer-socpsych-brackets,633996,0.064,,
1285,springer-vancouver-author-date,633996,0.064,,
1286,springer-vancouver-brackets,633996,0.064,,
1287,springer-vs-author-date,633996,0.064,,
1288,springerprotocols,633996,0.064,,
1289,st-patricks-college,633996,0.064,,
1290,statistika-statistics-and-economy-journal,633996,0.064,,
1291,stavebni-obzor,629430,0.063,,
1292,stem-cells-and-development,633996,0.064,,
1293,stem-cells,633996,0.064,,
1294,strategic-management-journal,633996,0.064,,
1295,stroke,633996,0.064,,
1296,structural-control-and-health-monitoring,633996,0.064,,
1297,studia-bas,633996,0.064,,
1298,style-manual-australian-government,633996,0.064,,
1299,surgical-clinics-of-north-america,633996,0.064,,
1300,surgical-neurology-international,633996,0.064,,
1301,surgical-pathology-clinics,633996,0.064,,
1302,svensk-exegetisk-arsbok,633996,0.064,,
1303,swedish-legal,633996,0.064,,
1304,systematic-and-applied-microbiology,633996,0.064,,
1305,systematic-biology,633996,0.064,,
1306,tabula,633996,0.064,,
1307,taxon,633996,0.064,,
1308,taylor-and-francis-chicago-author-date,633996,0.064,,
1309,taylor-and-francis-chicago-f,633996,0.064,,
1310,taylor-and-francis-council-of-science-editors-author-date,633996,0.064,,
1311,taylor-and-francis-harvard-x,633996,0.064,,
1312,taylor-and-francis-national-library-of-medicine,633996,0.064,,
1313,taylor-and-francis-numeric-q,633996,0.064,,
1314,technische-universitat-dresden-betriebswirtschaftslehre-logistik-author-date,633996,0.064,,
1315,technische-universitat-dresden-erziehungswissenschaften-author-date,633996,0.064,,
1316,technische-universitat-dresden-finanzwirtschaft-und-finanzdienstleistungen-author-date-with-short-titles,633996,0.064,,
1317,technische-universitat-dresden-finanzwirtschaft-und-finanzdienstleistungen-author-date,633996,0.064,,
1318,technische-universitat-dresden-finanzwirtschaft-und-finanzdienstleistungen-note,633996,0.064,,
1319,technische-universitat-dresden-historische-musikwissenschaft-note,633996,0.064,,
1320,technische-universitat-dresden-kunstgeschichte-note,633996,0.064,,
1321,technische-universitat-dresden-medienwissenschaft-und-neuere-deutsche-literatur-note,633996,0.064,,
1322,technische-universitat-dresden-medizin,633996,0.064,,
1323,teologia-catalunya,633996,0.064,,
1324,terra-nova,633996,0.064,,
1325,tetrahedron-letters,632245,0.064,,
1326,the-accounting-review,633996,0.064,,
1327,the-american-journal-of-cardiology,633996,0.064,,
1328,the-american-journal-of-gastroenterology,633996,0.064,,
1329,the-american-journal-of-human-genetics,633996,0.064,,
1330,the-american-journal-of-pathology,633996,0.064,,
1331,the-american-journal-of-psychiatry,633996,0.064,,
1332,the-american-midland-naturalist,633996,0.064,,
1333,the-american-naturalist,633996,0.064,,
1334,the-astrophysical-journal,633996,0.064,,
1335,the-auk,633996,0.064,,
1336,the-biological-bulletin,633996,0.064,,
1337,the-bone-and-joint-journal,633996,0.064,,
1338,the-british-journal-for-the-philosophy-of-science,633996,0.064,,
1339,the-british-journal-of-cardiology,633996,0.064,,
1340,the-british-journal-of-psychiatry,633996,0.064,,
1341,the-british-journal-of-sociology,633996,0.064,,
1342,the-canadian-geographer,633996,0.064,,
1343,the-canadian-journal-of-chemical-engineering,633996,0.064,,
1344,the-canadian-journal-of-psychiatry,633996,0.064,,
1345,the-chemical-society-of-japan,633981,0.064,,
1346,the-company-of-biologists,633996,0.064,,
1347,the-design-journal,633996,0.064,,
1348,the-embo-journal,633996,0.064,,
1349,the-faseb-journal,633996,0.064,,
1350,the-febs-journal,633996,0.064,,
1351,the-geological-society-of-america,633996,0.064,,
1352,the-geological-society-of-london,633996,0.064,,
1353,the-hastings-center-report,633996,0.064,,
1354,the-holocene,633996,0.064,,
1355,the-institute-of-electronics-information-and-communication-engineers,633996,0.064,,
1356,the-institution-of-engineering-and-technology,633996,0.064,,
1357,the-international-journal-of-developmental-biology,633996,0.064,,
1358,the-isme-journal,633996,0.064,,
1359,the-journal-of-adhesive-dentistry,633996,0.064,,
1360,the-journal-of-agricultural-science,633996,0.064,,
1361,the-journal-of-clinical-investigation,633996,0.064,,
1362,the-journal-of-comparative-neurology,633996,0.064,,
1363,the-journal-of-eukaryotic-microbiology,633996,0.064,,
1364,the-journal-of-foot-and-ankle-surgery,633996,0.064,,
1365,the-journal-of-hellenic-studies,633996,0.064,,
1366,the-journal-of-immunology,633996,0.064,,
1367,the-journal-of-infection-in-developing-countries,633996,0.064,,
1368,the-journal-of-juristic-papyrology,633996,0.064,,
1369,the-journal-of-modern-history,633996,0.064,,
1370,the-journal-of-molecular-diagnostics,633996,0.064,,
1371,the-journal-of-nervous-and-mental-disease,633996,0.064,,
1372,the-journal-of-neuropsychiatry-and-clinical-neurosciences,633996,0.064,,
1373,the-journal-of-neuroscience,633996,0.064,,
1374,the-journal-of-nuclear-medicine,633996,0.064,,
1375,the-journal-of-pain,633996,0.064,,
1376,the-journal-of-pathology,633996,0.064,,
1377,the-journal-of-peasant-studies,633996,0.064,,
1378,the-journal-of-physiology,633996,0.064,,
1379,the-journal-of-pure-and-applied-chemistry-research,633996,0.064,,
1380,the-journal-of-roman-studies,633996,0.064,,
1381,the-journal-of-the-acoustical-society-of-america,633996,0.064,,
1382,the-journal-of-the-torrey-botanical-society,633996,0.064,,
1383,the-journal-of-urology,633996,0.064,,
1384,the-journal-of-veterinary-medical-science,633996,0.064,,
1385,the-journal-of-wildlife-management,633996,0.064,,
1386,the-journals-of-gerontology-series-a,633996,0.064,,
1387,the-lancet,633996,0.064,,
1388,the-lichenologist,633996,0.064,,
1389,the-national-medical-journal-of-india,633996,0.064,,
1390,the-neuroscientist,633996,0.064,,
1391,the-new-england-journal-of-medicine,633996,0.064,,
1392,the-oncologist,633996,0.064,,
1393,the-open-university-a251,633996,0.064,,
1394,the-open-university-harvard,633996,0.064,,
1395,the-open-university-m801,633996,0.064,,
1396,the-optical-society,633996,0.064,,
1397,the-pan-african-medical-journal,633996,0.064,,
1398,the-plant-cell,633996,0.064,,
1399,the-plant-genome,633996,0.064,,
1400,the-plant-journal,633996,0.064,,
1401,the-review-of-financial-studies,633996,0.064,,
1402,the-rockefeller-university-press,633996,0.064,,
1403,the-saudi-journal-for-dental-research,633996,0.064,,
1404,the-scandinavian-journal-of-clinical-and-laboratory-investigation,633996,0.064,,
1405,the-university-of-western-australia-harvard,633996,0.064,,
1406,the-university-of-winchester-harvard,633996,0.064,,
1407,the-world-journal-of-biological-psychiatry,633996,0.064,,
1408,theologie-und-philosophie,633996,0.064,,
1409,theory-culture-and-society,633996,0.064,,
1410,thieme-german,633996,0.064,,
1411,thrombosis-and-haemostasis,633996,0.064,,
1412,thyroid,633996,0.064,,
1413,tijdschrift-voor-economische-en-sociale-geografie,633996,0.064,,
1414,tissue-engineering,633996,0.064,,
1415,toxicological-sciences,633996,0.064,,
1416,traffic-injury-prevention,633996,0.064,,
1417,traffic,633996,0.064,,
1418,transactions-of-the-american-philological-association,633996,0.064,,
1419,transactions-of-the-materials-research-society-of-japan,633996,0.064,,
1420,transboundary-and-emerging-diseases,633996,0.064,,
1421,transplantation,633996,0.064,,
1422,transportation-research-record,633996,0.064,,
1423,tree-physiology,633996,0.064,,
1424,trends-journals,633996,0.064,,
1425,tropical-animal-health-and-production,633996,0.064,,
1426,tsaqafah,633996,0.064,,
1427,turabian-fullnote-bibliography,633996,0.064,,
1428,twentieth-century-music,633996,0.064,,
1429,ugeskrift-for-laeger,633996,0.064,,
1430,ultrasound-in-medicine-and-biology,633996,0.064,,
1431,uludag-universitesi-sosyal-bilimler-enstitusu-author-date,633996,0.064,,
1432,uludag-universitesi-sosyal-bilimler-enstitusu-full-note-with-ibid,633996,0.064,,
1433,uludag-universitesi-sosyal-bilimler-enstitusu-full-note,633996,0.064,,
1434,uludag-universitesi-sosyal-bilimler-enstitusu-ilahiyat-fakultesi-full-note-with-ibid,633996,0.064,,
1435,uludag-universitesi-sosyal-bilimler-enstitusu-ilahiyat-fakultesi-full-note,633996,0.064,,
1436,unified-style-linguistics,633996,0.064,,
1437,united-nations-conference-on-trade-and-development,633996,0.064,,
1438,united-nations-framework-convention-on-climate-change,633996,0.064,,
1439,universidad-autonoma-cidudad-juarez-estilo-latino-humanistico,633996,0.064,,
1440,universidad-evangelica-del-paraguay,633996,0.064,,
1441,universidade-estadual-do-oeste-do-parana-programa-institucional-de-bolsas-de-iniciacao-cientifica,633996,0.064,,
1442,universidade-estadual-paulista-campus-de-dracena-abnt,633996,0.064,,
1443,universidade-federal-de-juiz-de-fora,633996,0.064,,
1444,universidade-federal-do-espirito-santo-abnt-initials,633996,0.064,,
1445,universidade-federal-do-espirito-santo-abnt,633996,0.064,,
1446,universita-cattolica-del-sacro-cuore,633996,0.064,,
1447,universita-di-bologna-lettere,633996,0.064,,
1448,universita-pontificia-salesiana-it,633996,0.064,,
1449,universita-pontificia-salesiana,633996,0.064,,
1450,universitas-negeri-semarang-fakultas-matematika-dan-ilmu-pengetahuan-alam,633996,0.064,,
1451,universitas-negeri-yogyakarta-program-pascasarjana,633996,0.064,,
1452,universitat-bremen-institut-fur-politikwissenschaft,633996,0.064,,
1453,universite-catholique-de-louvain-histoire,633996,0.064,,
1454,universite-de-montreal-apa,633996,0.064,,
1455,universite-de-montreal-faculte-de-musique,633996,0.064,,
1456,universite-de-picardie-jules-verne-ufr-de-medecine,633996,0.064,,
1457,universite-de-sherbrooke-departement-de-geomatique,633996,0.064,,
1458,universite-de-sherbrooke-faculte-d-education,633996,0.064,,
1459,universite-du-quebec-a-montreal,633996,0.064,,
1460,universite-laval-departement-des-sciences-historiques,633996,0.064,,
1461,universite-laval-departement-dinformation-et-de-communication,633996,0.064,,
1462,universite-laval-faculte-de-theologie-et-de-sciences-religieuses,633996,0.064,,
1463,universiteit-utrecht-onderzoeksgids-geschiedenis,633996,0.064,,
1464,universitetet-i-oslo-rettsvitenskap,629453,0.063,,
1465,university-college-dublin-school-of-history-and-archives,633996,0.064,,
1466,university-college-lillebaelt-apa,633996,0.064,,
1467,university-college-lillebaelt-harvard,633996,0.064,,
1468,university-college-lillebaelt-vancouver,633996,0.064,,
1469,university-for-the-creative-arts-figures,633509,0.064,,
1470,university-of-cambridge-faculty-of-history,633996,0.064,,
1471,university-of-gothenburg-apa-swedish-legislations,633996,0.064,,
1472,university-of-helsinki-faculty-of-theology,633996,0.064,,
1473,university-of-lincoln-harvard,633996,0.064,,
1474,university-of-new-england-australia-note,633996,0.064,,
1477,university-of-york-apa,633996,0.064,,
1478,university-of-york-chicago,633996,0.064,,
1479,university-of-york-harvard-archaeology,633996,0.064,,
1480,university-of-york-harvard-environment,633996,0.064,,
1481,university-of-york-harvard,633996,0.064,,
1482,university-of-york-ieee,633996,0.064,,
1483,university-of-york-mhra,633996,0.064,,
1484,university-of-york-mla,633996,0.064,,
1485,university-of-york-oscola,633996,0.064,,
1486,university-of-york-vancouver,633996,0.064,,
1487,university-of-zabol-fa,633996,0.064,,
1488,university-of-zabol,633996,0.064,,
1489,univerza-na-primorskem-fakulteta-za-vede-o-zdravju-apa,633996,0.064,,
1490,uppsala-universitet-historia,633996,0.064,,
1491,uppsala-universitet-institutionen-for-biologisk-grundutbildning,633996,0.064,,
1492,urban-geography,633996,0.064,,
1493,urban-habitats,633996,0.064,,
1494,urban-studies,633996,0.064,,
1495,urological-science,633996,0.064,,
1496,us-geological-survey,633996,0.064,,
1497,usda-forest-service-pacific-northwest-research-station,633996,0.064,,
1498,user-modeling-and-user-adapted-interaction,633996,0.064,,
1499,uspekhi-gerontologii,633996,0.064,,
1500,utah-geological-survey,633996,0.064,,
1501,vancouver-author-date,633996,0.064,,
1502,vancouver-brackets-no-et-al,633996,0.064,,
1503,vancouver-brackets-only-year-no-issue,633996,0.064,,
1504,vancouver-brackets,633996,0.064,,
1505,vancouver-fr-ca,633996,0.064,,
1506,vancouver-imperial-college-london,633996,0.064,,
1507,vancouver-superscript-brackets-only-year,633996,0.064,,
1508,vancouver-superscript-only-year,633996,0.064,,
1509,vancouver-superscript,633996,0.064,,
1510,vancouver,633996,0.064,,
1511,veterinary-medicine-austria,633996,0.064,,
1512,veterinary-microbiology,633996,0.064,,
1513,veterinary-pathology,633996,0.064,,
1514,veterinary-radiology-and-ultrasound,633996,0.064,,
1515,veterinary-record,633996,0.064,,
1516,vienna-legal,633996,0.064,,
1517,vietnam-ministry-of-education-and-training-en,633996,0.064,,
1518,vietnam-ministry-of-education-and-training-vi,633996,0.064,,
1519,vigiliae-christianae,633996,0.064,,
1520,vilnius-gediminas-technical-university,633996,0.064,,
1521,vita-latina-auteurs-anciens,633996,0.064,,
1522,vita-latina,633996,0.064,,
1523,vodohospodarske-technicko-ekonomicke-informace-en,633996,0.064,,
1524,vodohospodarske-technicko-ekonomicke-informace,633996,0.064,,
1525,water-alternatives,633996,0.064,,
1526,water-environment-research,633996,0.064,,
1527,water-sa,633996,0.064,,
1528,water-science-and-technology,633996,0.064,,
1529,waterbirds,633996,0.064,,
1530,west-european-politics,633996,0.064,,
1531,western-journal-of-emergency-medicine,633996,0.064,,
1532,westfalische-wilhelms-universitat-munster-medizinische-fakultat,633996,0.064,,
1533,wheaton-college-phd-in-biblical-and-theological-studies,633996,0.064,,
1534,who-europe-harvard,633996,0.064,,
1535,who-europe-numeric,633996,0.064,,
1536,wiley-vch-books,633996,0.064,,
1537,wireless-communications-and-mobile-computing,633996,0.064,,
1538,wirtschaftsuniversitat-wien-author-date,633996,0.064,,
1539,wirtschaftsuniversitat-wien-handel-und-marketing,633996,0.064,,
1540,wirtschaftsuniversitat-wien-wirtschaftspadagogik,633996,0.064,,
1541,wissenschaftlicher-industrielogistik-dialog,633996,0.064,,
1542,world-applied-sciences-journal,633996,0.064,,
1543,world-congress-on-engineering-asset-management,633996,0.064,,
1544,world-journal-of-gastroenterology,633996,0.064,,
1545,world-mycotoxin-journal,633996,0.064,,
1546,world-organisation-for-animal-health-scientific-and-technical-review,633996,0.064,,
1547,world-politcs,633996,0.064,,
1548,worlds-poultry-science-journal,633996,0.064,,
1549,xenotransplantation,633996,0.064,,
1550,yeast,633996,0.064,,
1551,zastosowania-komputerow-w-elektrotechnice,633996,0.064,,
1552,zdravniski-vestnik,633996,0.064,,
1553,zeitschrift-fur-allgemeinmedizin,633996,0.064,,
1554,zeitschrift-fur-deutsche-philologie,633996,0.064,,
1555,zeitschrift-fur-internationale-beziehungen,633996,0.064,,
1556,zeitschrift-fur-kunstgeschichte,633996,0.064,,
1557,zeitschrift-fur-padagogik,633996,0.064,,
1558,zeitschrift-fur-qualitative-forschung,633996,0.064,,
1559,zeitschrift-fur-religionswissenschaft-author-date,633996,0.064,,
1560,zeitschrift-fur-religionswissenschaft-note,633996,0.064,,
1561,zeitschrift-fur-soziologie,633996,0.064,,
1562,zeitschrift-fur-theologie-und-kirche,633996,0.064,,
1563,zeszyty-prawnicze-bas,633996,0.064,,
1564,zookeys,633996,0.064,,
1565,zoological-journal-of-the-linnean-society,633996,0.064,,
1566,zootaxa,633996,0.064,,
1567,zwitscher-maschine,633996,0.064,,
,,,,,
,TOTAL,991411100,100.000,, 
